Store,StoreType,Assortment,CompetitionDistance,Promo2,Promo2SinceWeek,Promo2SinceYear,PromoInterval,CompetitionOpenSince,StateHolidayScheme,SchoolHolidayScheme
1,c,a,1270.0,0,0.0,0.0,0,2008-09-01,5,0
2,a,a,570.0,1,13.0,2010.0,"Jan,Apr,Jul,Oct",2007-11-01,6,6
3,a,a,14130.0,1,14.0,2011.0,"Jan,Apr,Jul,Oct",2006-12-01,4,10
4,c,c,620.0,0,0.0,0.0,0,2009-09-01,7,4
5,a,a,29910.0,0,0.0,0.0,0,2015-04-01,3,11
6,a,a,310.0,0,0.0,0.0,0,2013-12-01,3,11
7,a,c,24000.0,0,0.0,0.0,0,2013-04-01,7,8
8,a,a,7520.0,0,0.0,0.0,0,2014-10-01,7,8
9,a,c,2030.0,0,0.0,0.0,0,2000-08-01,4,10
10,a,a,3160.0,0,0.0,0.0,0,2009-09-01,7,1
11,a,c,960.0,1,1.0,2012.0,"Jan,Apr,Jul,Oct",2011-11-01,7,8
12,a,c,1070.0,1,13.0,2010.0,"Jan,Apr,Jul,Oct",2010-02-01,7,8
13,d,a,310.0,1,45.0,2009.0,"Feb,May,Aug,Nov",2010-02-01,0,5
14,a,a,1300.0,1,40.0,2011.0,"Jan,Apr,Jul,Oct",2014-03-01,4,10
15,d,c,4110.0,1,14.0,2011.0,"Jan,Apr,Jul,Oct",2010-03-01,7,8
16,a,c,3270.0,0,0.0,0.0,0,2010-02-01,1,9
17,a,a,50.0,1,26.0,2010.0,"Jan,Apr,Jul,Oct",2005-12-01,6,6
18,d,c,13840.0,1,14.0,2012.0,"Jan,Apr,Jul,Oct",2010-06-01,6,6
19,a,c,3240.0,1,22.0,2011.0,"Mar,Jun,Sept,Dec",2010-02-01,4,10
20,d,a,2340.0,1,40.0,2014.0,"Jan,Apr,Jul,Oct",2009-05-01,0,5
21,c,c,550.0,1,45.0,2009.0,"Jan,Apr,Jul,Oct",1999-10-01,1,9
22,a,a,1040.0,1,22.0,2012.0,"Jan,Apr,Jul,Oct",2010-02-01,0,5
23,d,a,4060.0,0,0.0,0.0,0,2005-08-01,4,7
24,a,c,4590.0,1,40.0,2011.0,"Jan,Apr,Jul,Oct",2000-03-01,4,10
25,c,a,430.0,0,0.0,0.0,0,2003-04-01,4,10
26,d,a,2300.0,0,0.0,0.0,0,2010-02-01,6,6
27,a,a,60.0,1,5.0,2011.0,"Jan,Apr,Jul,Oct",2005-01-01,4,10
28,a,a,1200.0,1,6.0,2015.0,"Mar,Jun,Sept,Dec",2014-10-01,2,2
29,d,c,2170.0,0,0.0,0.0,0,2010-02-01,4,10
30,a,a,40.0,1,10.0,2014.0,"Mar,Jun,Sept,Dec",2014-02-01,4,10
31,d,c,9800.0,0,0.0,0.0,0,2012-07-01,7,8
32,a,a,2910.0,1,45.0,2009.0,"Feb,May,Aug,Nov",2010-02-01,0,5
33,a,c,1320.0,0,0.0,0.0,0,2013-05-01,4,10
34,c,a,2240.0,0,0.0,0.0,0,2009-09-01,7,4
35,d,c,7660.0,1,1.0,2012.0,"Jan,Apr,Jul,Oct",2000-10-01,4,10
36,a,c,540.0,1,40.0,2014.0,"Jan,Apr,Jul,Oct",2003-06-01,0,5
37,c,a,4230.0,0,0.0,0.0,0,2014-12-01,2,2
38,d,a,1090.0,0,0.0,0.0,0,2007-04-01,4,10
39,a,a,260.0,1,31.0,2013.0,"Feb,May,Aug,Nov",2006-10-01,4,10
40,a,a,180.0,1,45.0,2009.0,"Feb,May,Aug,Nov",2010-02-01,4,10
41,d,c,1180.0,1,31.0,2013.0,"Jan,Apr,Jul,Oct",2010-02-01,0,5
42,a,c,290.0,1,40.0,2011.0,"Jan,Apr,Jul,Oct",2010-02-01,4,10
43,d,a,4880.0,1,37.0,2009.0,"Jan,Apr,Jul,Oct",2010-02-01,4,10
44,a,a,540.0,0,0.0,0.0,0,2011-06-01,7,4
45,d,a,9710.0,0,0.0,0.0,0,2014-02-01,4,7
46,c,a,1200.0,1,14.0,2011.0,"Jan,Apr,Jul,Oct",2005-09-01,0,5
47,a,c,270.0,1,14.0,2013.0,"Jan,Apr,Jul,Oct",2013-04-01,7,3
48,a,a,1060.0,0,0.0,0.0,0,2012-05-01,7,3
49,d,c,18010.0,0,0.0,0.0,0,2007-09-01,1,9
50,d,a,6260.0,0,0.0,0.0,0,2009-11-01,4,7
51,a,c,10570.0,1,9.0,2011.0,"Jan,Apr,Jul,Oct",2013-07-01,0,5
52,d,c,450.0,1,39.0,2010.0,"Jan,Apr,Jul,Oct",2014-04-01,0,5
53,a,c,30360.0,0,0.0,0.0,0,2013-09-01,7,8
54,d,c,7170.0,1,5.0,2013.0,"Feb,May,Aug,Nov",2014-08-01,2,2
55,a,a,720.0,0,0.0,0.0,0,2004-11-01,3,11
56,d,c,6620.0,1,10.0,2014.0,"Mar,Jun,Sept,Dec",2012-03-01,5,0
57,d,c,420.0,0,0.0,0.0,0,2014-06-01,3,11
58,a,c,7340.0,1,27.0,2012.0,"Jan,Apr,Jul,Oct",2008-05-01,0,5
59,a,c,2840.0,1,14.0,2011.0,"Jan,Apr,Jul,Oct",2007-06-01,6,6
60,d,c,5540.0,0,0.0,0.0,0,2009-10-01,3,11
61,a,c,350.0,1,1.0,2012.0,"Jan,Apr,Jul,Oct",2007-12-01,1,9
62,a,a,2050.0,0,0.0,0.0,0,2010-02-01,4,10
63,c,c,3700.0,1,18.0,2010.0,"Feb,May,Aug,Nov",2010-06-01,7,8
64,d,c,22560.0,1,14.0,2013.0,"Jan,Apr,Jul,Oct",2010-02-01,4,10
65,a,c,13840.0,1,1.0,2012.0,"Jan,Apr,Jul,Oct",2010-05-01,2,2
66,d,a,7660.0,1,37.0,2009.0,"Jan,Apr,Jul,Oct",2010-02-01,1,9
67,a,c,410.0,0,0.0,0.0,0,2006-02-01,1,9
68,a,c,250.0,1,35.0,2012.0,"Mar,Jun,Sept,Dec",2010-02-01,7,8
69,c,c,1130.0,1,40.0,2011.0,"Jan,Apr,Jul,Oct",2010-02-01,5,0
70,c,c,4840.0,0,0.0,0.0,0,2010-02-01,7,1
71,a,a,17500.0,1,37.0,2009.0,"Mar,Jun,Sept,Dec",2008-08-01,4,10
72,a,a,2200.0,1,13.0,2010.0,"Jan,Apr,Jul,Oct",2009-12-01,0,5
73,a,c,1650.0,0,0.0,0.0,0,2008-09-01,7,8
74,a,a,330.0,0,0.0,0.0,0,2010-02-01,4,10
75,d,c,22440.0,0,0.0,0.0,0,2013-12-01,7,8
76,d,c,19960.0,0,0.0,0.0,0,2006-03-01,0,5
77,d,c,1090.0,1,10.0,2014.0,"Jan,Apr,Jul,Oct",2009-08-01,5,0
78,a,a,3510.0,1,5.0,2013.0,"Feb,May,Aug,Nov",2006-11-01,2,2
79,a,a,3320.0,0,0.0,0.0,0,2010-02-01,1,9
80,d,a,7910.0,0,0.0,0.0,0,2010-02-01,4,7
81,a,a,2370.0,1,40.0,2014.0,"Jan,Apr,Jul,Oct",2011-03-01,0,5
82,a,a,22390.0,1,37.0,2009.0,"Jan,Apr,Jul,Oct",2008-04-01,4,10
83,a,a,2710.0,0,0.0,0.0,0,2010-02-01,4,10
84,a,c,11810.0,0,0.0,0.0,0,2014-08-01,4,10
85,b,a,1870.0,0,0.0,0.0,0,2011-10-01,7,4
86,a,a,480.0,1,31.0,2013.0,"Jan,Apr,Jul,Oct",2005-02-01,4,10
87,a,a,560.0,0,0.0,0.0,0,2010-12-01,7,4
88,a,a,10690.0,0,0.0,0.0,0,2005-10-01,2,2
89,a,a,2380.0,1,40.0,2014.0,"Jan,Apr,Jul,Oct",2004-07-01,0,5
90,a,a,330.0,0,0.0,0.0,0,2007-11-01,4,10
91,c,a,2410.0,1,35.0,2011.0,"Jan,Apr,Jul,Oct",2010-02-01,1,9
92,c,a,240.0,1,45.0,2009.0,"Feb,May,Aug,Nov",2010-02-01,4,10
93,a,a,16690.0,1,14.0,2011.0,"Jan,Apr,Jul,Oct",2010-02-01,4,10
94,d,c,14620.0,0,0.0,0.0,0,2010-02-01,4,10
95,a,a,1890.0,0,0.0,0.0,0,2014-10-01,3,11
96,a,a,8780.0,1,37.0,2009.0,"Jan,Apr,Jul,Oct",2005-02-01,3,11
97,d,c,8980.0,0,0.0,0.0,0,2010-02-01,3,11
98,d,c,15140.0,1,1.0,2012.0,"Jan,Apr,Jul,Oct",2006-12-01,4,10
99,c,c,2030.0,1,22.0,2012.0,"Mar,Jun,Sept,Dec",2003-11-01,0,5
100,d,a,17930.0,0,0.0,0.0,0,2010-02-01,0,5
101,d,c,2440.0,1,22.0,2012.0,"Mar,Jun,Sept,Dec",2010-02-01,7,8
102,a,a,150.0,1,10.0,2014.0,"Mar,Jun,Sept,Dec",2007-12-01,4,10
103,d,c,5210.0,0,0.0,0.0,0,2015-05-01,7,4
104,a,a,390.0,0,0.0,0.0,0,2009-06-01,7,4
105,a,c,6190.0,1,23.0,2013.0,"Mar,Jun,Sept,Dec",2010-02-01,1,9
106,a,a,1390.0,0,0.0,0.0,0,2013-08-01,7,4
107,a,a,1930.0,0,0.0,0.0,0,2009-09-01,7,1
108,d,c,2190.0,0,0.0,0.0,0,2003-09-01,0,5
109,a,c,3300.0,0,0.0,0.0,0,2010-11-01,7,8
110,a,c,46590.0,0,0.0,0.0,0,2013-04-01,7,8
111,d,c,7890.0,1,37.0,2009.0,"Jan,Apr,Jul,Oct",2010-02-01,5,0
112,a,a,1630.0,0,0.0,0.0,0,2009-09-01,7,1
113,d,c,20930.0,0,0.0,0.0,0,1999-11-01,0,5
114,c,a,4510.0,1,48.0,2011.0,"Mar,Jun,Sept,Dec",2010-02-01,6,6
115,d,c,5740.0,1,40.0,2014.0,"Jan,Apr,Jul,Oct",2007-04-01,0,5
116,a,a,680.0,0,0.0,0.0,0,2013-04-01,7,4
117,a,a,3450.0,0,0.0,0.0,0,2011-09-01,4,10
118,d,c,3580.0,0,0.0,0.0,0,2012-09-01,7,8
119,a,c,2100.0,0,0.0,0.0,0,2010-02-01,7,8
120,d,a,2290.0,1,37.0,2009.0,"Jan,Apr,Jul,Oct",2014-12-01,5,0
121,a,a,3570.0,1,36.0,2013.0,"Mar,Jun,Sept,Dec",2009-11-01,3,11
122,a,c,58260.0,0,0.0,0.0,0,2013-04-01,7,8
123,a,a,16760.0,0,0.0,0.0,0,2011-09-01,2,2
124,a,a,1410.0,0,0.0,0.0,0,2003-04-01,4,10
125,a,a,760.0,0,0.0,0.0,0,2005-12-01,7,4
126,d,a,3370.0,1,18.0,2011.0,"Feb,May,Aug,Nov",2014-10-01,4,10
127,d,a,1350.0,1,13.0,2010.0,"Jan,Apr,Jul,Oct",2005-12-01,0,5
128,d,c,2000.0,1,1.0,2013.0,"Jan,Apr,Jul,Oct",2010-02-01,5,0
129,a,a,2460.0,1,14.0,2011.0,"Jan,Apr,Jul,Oct",2010-02-01,0,5
130,c,a,900.0,1,13.0,2010.0,"Jan,Apr,Jul,Oct",2010-02-01,5,0
131,c,a,920.0,0,0.0,0.0,0,2015-07-01,4,10
132,d,c,1040.0,1,27.0,2012.0,"Jan,Apr,Jul,Oct",2010-02-01,0,5
133,a,a,270.0,1,10.0,2014.0,"Mar,Jun,Sept,Dec",2013-08-01,6,6
134,a,a,1200.0,0,0.0,0.0,0,2008-09-01,7,4
135,d,a,5190.0,1,1.0,2013.0,"Jan,Apr,Jul,Oct",2010-02-01,5,0
136,a,c,2200.0,1,22.0,2012.0,"Feb,May,Aug,Nov",2010-12-01,0,5
137,a,a,1730.0,1,40.0,2014.0,"Jan,Apr,Jul,Oct",2015-07-01,0,5
138,a,c,25360.0,0,0.0,0.0,0,2014-10-01,3,11
139,a,a,1700.0,1,14.0,2011.0,"Jan,Apr,Jul,Oct",2008-01-01,0,5
140,a,c,1090.0,1,1.0,2013.0,"Jan,Apr,Jul,Oct",2010-07-01,5,0
141,c,c,1540.0,1,22.0,2012.0,"Mar,Jun,Sept,Dec",2010-02-01,1,9
142,a,a,1090.0,0,0.0,0.0,0,2002-07-01,4,10
143,d,a,2930.0,0,0.0,0.0,0,2002-12-01,4,7
144,a,c,16570.0,0,0.0,0.0,0,2010-02-01,0,5
145,a,a,280.0,1,45.0,2009.0,"Feb,May,Aug,Nov",2010-02-01,0,5
146,d,c,8050.0,1,48.0,2012.0,"Jan,Apr,Jul,Oct",1961-10-01,4,10
147,d,c,8540.0,0,0.0,0.0,0,2010-02-01,4,10
148,a,a,2090.0,0,0.0,0.0,0,2008-12-01,7,4
149,d,a,2610.0,1,14.0,2011.0,"Jan,Apr,Jul,Oct",2006-07-01,0,5
150,c,c,31830.0,0,0.0,0.0,0,2010-03-01,7,8
151,d,c,4360.0,0,0.0,0.0,0,2005-10-01,2,2
152,a,a,1780.0,0,0.0,0.0,0,2010-02-01,4,10
153,a,a,16240.0,1,18.0,2011.0,"Feb,May,Aug,Nov",2000-10-01,4,10
154,d,c,16420.0,0,0.0,0.0,0,2010-02-01,5,0
155,d,a,3050.0,1,35.0,2010.0,"Jan,Apr,Jul,Oct",2010-02-01,0,5
156,a,a,2020.0,1,14.0,2011.0,"Mar,Jun,Sept,Dec",2011-02-01,6,6
157,a,c,2950.0,0,0.0,0.0,0,2004-10-01,4,10
158,d,c,11840.0,1,31.0,2009.0,"Feb,May,Aug,Nov",2010-02-01,4,7
159,d,a,8530.0,0,0.0,0.0,0,2013-03-01,0,5
160,d,c,17110.0,0,0.0,0.0,0,2005-11-01,5,0
161,a,c,2970.0,0,0.0,0.0,0,2005-03-01,4,10
162,d,c,5340.0,1,13.0,2010.0,"Jan,Apr,Jul,Oct",2012-03-01,5,0
163,a,a,1480.0,0,0.0,0.0,0,2009-04-01,7,4
164,a,a,1160.0,1,13.0,2010.0,"Jan,Apr,Jul,Oct",2005-09-01,0,5
165,a,a,3720.0,1,13.0,2010.0,"Jan,Apr,Jul,Oct",2005-04-01,0,5
166,a,c,100.0,1,31.0,2013.0,"Jan,Apr,Jul,Oct",2014-04-01,4,10
167,a,a,140.0,0,0.0,0.0,0,2008-04-01,2,2
168,a,a,12540.0,0,0.0,0.0,0,2010-02-01,1,9
169,d,a,980.0,1,18.0,2014.0,"Feb,May,Aug,Nov",2014-07-01,4,10
170,a,a,1070.0,1,14.0,2011.0,"Jan,Apr,Jul,Oct",2015-05-01,4,10
171,a,a,2640.0,0,0.0,0.0,0,2010-02-01,4,10
172,a,a,110.0,1,40.0,2014.0,"Jan,Apr,Jul,Oct",2010-02-01,0,5
173,a,a,350.0,0,0.0,0.0,0,2012-12-01,7,4
174,a,a,13090.0,1,22.0,2012.0,"Jan,Apr,Jul,Oct",2010-02-01,0,5
175,c,a,4130.0,0,0.0,0.0,0,2010-02-01,7,3
176,a,a,3770.0,0,0.0,0.0,0,2010-02-01,4,10
177,a,a,1250.0,1,5.0,2013.0,"Feb,May,Aug,Nov",2004-02-01,2,2
178,d,a,1710.0,0,0.0,0.0,0,2010-02-01,3,11
179,a,c,480.0,0,0.0,0.0,0,2010-02-01,4,10
180,d,a,5800.0,0,0.0,0.0,0,2010-09-01,7,3
181,a,a,12610.0,1,14.0,2011.0,"Jan,Apr,Jul,Oct",2013-03-01,0,5
182,d,c,1390.0,1,9.0,2011.0,"Mar,Jun,Sept,Dec",2010-02-01,5,0
183,a,a,9670.0,0,0.0,0.0,0,2010-02-01,0,5
184,d,c,3560.0,0,0.0,0.0,0,2010-02-01,4,10
185,d,c,1860.0,0,0.0,0.0,0,2015-05-01,7,4
186,a,a,290.0,1,40.0,2014.0,"Jan,Apr,Jul,Oct",2011-10-01,0,5
187,a,c,19360.0,0,0.0,0.0,0,2010-02-01,7,8
188,d,a,850.0,1,18.0,2011.0,"Feb,May,Aug,Nov",2010-02-01,4,7
189,d,a,5760.0,0,0.0,0.0,0,2014-07-01,4,7
190,a,a,1470.0,1,40.0,2014.0,"Jan,Apr,Jul,Oct",2006-12-01,0,5
191,a,a,1100.0,1,40.0,2014.0,"Jan,Apr,Jul,Oct",2013-08-01,0,5
192,d,c,2770.0,1,40.0,2014.0,"Jan,Apr,Jul,Oct",2008-03-01,0,5
193,a,a,520.0,0,0.0,0.0,0,2010-02-01,1,9
194,d,c,16970.0,1,5.0,2013.0,"Feb,May,Aug,Nov",2010-02-01,1,9
195,a,c,220.0,0,0.0,0.0,0,2010-02-01,4,10
196,c,a,3850.0,1,14.0,2011.0,"Jan,Apr,Jul,Oct",2005-11-01,6,6
197,c,a,4210.0,0,0.0,0.0,0,2015-03-01,7,3
198,a,a,290.0,1,13.0,2010.0,"Jan,Apr,Jul,Oct",2002-09-01,6,6
199,d,c,6360.0,1,14.0,2012.0,"Mar,Jun,Sept,Dec",2010-12-01,4,7
200,a,a,1650.0,0,0.0,0.0,0,2000-10-01,4,10
201,d,a,20260.0,1,18.0,2014.0,"Mar,Jun,Sept,Dec",2010-02-01,4,10
202,d,c,5140.0,0,0.0,0.0,0,2010-05-01,5,0
203,c,c,490.0,0,0.0,0.0,0,2002-11-01,2,2
204,a,a,5630.0,1,40.0,2014.0,"Jan,Apr,Jul,Oct",2002-12-01,0,5
205,a,a,110.0,0,0.0,0.0,0,2007-12-01,7,4
206,a,c,380.0,1,14.0,2012.0,"Jan,Apr,Jul,Oct",2010-02-01,4,10
207,a,a,6870.0,0,0.0,0.0,0,2010-02-01,7,8
208,c,a,300.0,0,0.0,0.0,0,2006-04-01,7,4
209,a,c,11680.0,1,31.0,2013.0,"Jan,Apr,Jul,Oct",2011-09-01,7,8
210,d,a,970.0,1,5.0,2013.0,"Feb,May,Aug,Nov",1999-11-01,4,7
211,a,c,350.0,0,0.0,0.0,0,2006-11-01,7,4
212,a,c,15050.0,0,0.0,0.0,0,2008-09-01,7,8
213,d,c,4030.0,1,1.0,2014.0,"Jan,Apr,Jul,Oct",2014-03-01,4,10
214,d,a,8650.0,1,10.0,2014.0,"Jan,Apr,Jul,Oct",2013-07-01,4,10
215,d,a,150.0,1,45.0,2009.0,"Feb,May,Aug,Nov",2010-02-01,0,5
216,c,a,190.0,1,45.0,2009.0,"Feb,May,Aug,Nov",2010-02-01,4,10
217,c,a,3150.0,0,0.0,0.0,0,2010-02-01,7,3
218,a,c,640.0,1,9.0,2011.0,"Mar,Jun,Sept,Dec",2010-02-01,0,5
219,a,a,1640.0,0,0.0,0.0,0,2013-02-01,4,10
220,a,a,1000.0,0,0.0,0.0,0,2008-09-01,4,10
221,d,c,13530.0,0,0.0,0.0,0,2013-09-01,7,8
222,a,a,2170.0,0,0.0,0.0,0,2008-11-01,7,4
223,d,c,2920.0,1,27.0,2011.0,"Jan,Apr,Jul,Oct",1995-10-01,6,6
224,d,c,7930.0,1,1.0,2013.0,"Jan,Apr,Jul,Oct",2010-02-01,1,9
225,d,a,10180.0,0,0.0,0.0,0,2015-05-01,2,2
226,a,a,450.0,0,0.0,0.0,0,2010-02-01,5,0
227,a,a,2370.0,0,0.0,0.0,0,2010-02-01,4,10
228,d,c,10800.0,1,18.0,2011.0,"Feb,May,Aug,Nov",2010-02-01,4,10
229,d,c,17410.0,1,14.0,2011.0,"Jan,Apr,Jul,Oct",2007-04-01,4,7
230,d,c,6680.0,0,0.0,0.0,0,2013-09-01,7,8
231,d,c,3840.0,1,39.0,2010.0,"Feb,May,Aug,Nov",2008-10-01,0,5
232,c,c,13570.0,1,10.0,2013.0,"Mar,Jun,Sept,Dec",2010-05-01,2,2
233,a,a,1890.0,0,0.0,0.0,0,2010-02-01,5,0
234,d,a,4370.0,0,0.0,0.0,0,2010-02-01,4,10
235,a,a,5710.0,1,37.0,2009.0,"Jan,Apr,Jul,Oct",2012-03-01,5,0
236,a,a,1000.0,0,0.0,0.0,0,2007-11-01,7,4
237,a,a,1420.0,0,0.0,0.0,0,2007-11-01,7,4
238,a,a,320.0,1,45.0,2009.0,"Feb,May,Aug,Nov",2010-02-01,4,10
239,d,c,610.0,0,0.0,0.0,0,2010-02-01,4,10
240,a,a,1110.0,0,0.0,0.0,0,2009-05-01,7,4
241,d,c,780.0,0,0.0,0.0,0,2010-02-01,4,10
242,d,a,6880.0,1,14.0,2011.0,"Jan,Apr,Jul,Oct",2001-09-01,5,0
243,a,a,310.0,1,5.0,2013.0,"Feb,May,Aug,Nov",2010-02-01,0,5
244,d,a,710.0,1,1.0,2012.0,"Jan,Apr,Jul,Oct",2012-03-01,4,10
245,a,c,1310.0,0,0.0,0.0,0,2010-02-01,5,0
246,c,a,4660.0,0,0.0,0.0,0,2013-04-01,7,3
247,d,c,70.0,1,5.0,2013.0,"Feb,May,Aug,Nov",2010-11-01,5,0
248,a,c,340.0,1,40.0,2012.0,"Jan,Apr,Jul,Oct",2012-09-01,7,8
249,d,c,18010.0,0,0.0,0.0,0,2014-09-01,7,8
250,d,a,3520.0,1,18.0,2012.0,"Feb,May,Aug,Nov",2010-02-01,5,0
251,a,c,340.0,0,0.0,0.0,0,2010-02-01,4,10
252,d,c,22330.0,1,5.0,2010.0,"Feb,May,Aug,Nov",2010-02-01,4,10
253,a,c,250.0,1,5.0,2013.0,"Feb,May,Aug,Nov",2010-02-01,4,10
254,d,a,330.0,1,1.0,2012.0,"Mar,Jun,Sept,Dec",2008-03-01,4,7
255,c,c,4630.0,1,35.0,2011.0,"Feb,May,Aug,Nov",2011-03-01,4,10
256,a,c,80.0,1,10.0,2014.0,"Mar,Jun,Sept,Dec",2005-09-01,4,10
257,a,a,420.0,0,0.0,0.0,0,2012-12-01,7,4
258,a,a,27190.0,1,37.0,2009.0,"Jan,Apr,Jul,Oct",2010-07-01,0,5
259,b,b,210.0,0,0.0,0.0,0,2010-02-01,5,0
260,a,a,540.0,0,0.0,0.0,0,2011-10-01,7,4
261,d,c,15340.0,1,39.0,2009.0,"Jan,Apr,Jul,Oct",2015-04-01,6,6
262,b,a,1180.0,0,0.0,0.0,0,2013-05-01,7,3
263,a,c,1140.0,1,40.0,2014.0,"Jan,Apr,Jul,Oct",2013-05-01,0,5
264,a,a,180.0,0,0.0,0.0,0,2014-03-01,7,4
265,a,a,4580.0,1,14.0,2015.0,"Jan,Apr,Jul,Oct",2010-02-01,4,7
266,a,c,360.0,1,9.0,2011.0,"Mar,Jun,Sept,Dec",2014-03-01,3,11
267,c,a,2460.0,0,0.0,0.0,0,2012-01-01,7,8
268,a,a,4520.0,0,0.0,0.0,0,2014-02-01,7,1
269,a,c,60.0,0,0.0,0.0,0,2015-06-01,4,10
270,a,a,1450.0,0,0.0,0.0,0,2014-07-01,7,4
271,a,a,420.0,1,14.0,2011.0,"Jan,Apr,Jul,Oct",2010-02-01,3,11
272,a,a,16180.0,1,14.0,2011.0,"Jan,Apr,Jul,Oct",2003-07-01,5,0
273,a,c,8480.0,0,0.0,0.0,0,2010-02-01,4,10
274,b,b,3640.0,1,10.0,2013.0,"Jan,Apr,Jul,Oct",2010-02-01,5,0
275,d,a,300.0,1,40.0,2014.0,"Jan,Apr,Jul,Oct",2014-05-01,0,5
276,a,a,2960.0,1,36.0,2013.0,"Mar,Jun,Sept,Dec",2014-10-01,3,11
277,d,c,7840.0,1,31.0,2009.0,"Feb,May,Aug,Nov",2010-02-01,0,5
278,a,c,9260.0,0,0.0,0.0,0,2010-02-01,7,8
279,d,c,2320.0,1,40.0,2012.0,"Jan,Apr,Jul,Oct",2010-02-01,0,5
280,d,c,18640.0,1,10.0,2014.0,"Mar,Jun,Sept,Dec",2013-09-01,1,9
281,d,c,6970.0,0,0.0,0.0,0,2011-09-01,7,8
282,a,a,1220.0,0,0.0,0.0,0,2010-12-01,7,4
283,a,a,2260.0,1,40.0,2014.0,"Jan,Apr,Jul,Oct",2010-02-01,0,5
284,d,a,1290.0,1,40.0,2014.0,"Jan,Apr,Jul,Oct",2010-02-01,0,5
285,a,a,2410.0,0,0.0,0.0,0,2010-02-01,5,0
286,a,a,1460.0,0,0.0,0.0,0,2015-04-01,6,6
287,c,a,2740.0,1,40.0,2014.0,"Jan,Apr,Jul,Oct",2009-05-01,0,5
288,d,a,800.0,1,14.0,2011.0,"Mar,Jun,Sept,Dec",2010-02-01,0,5
289,d,a,6540.0,0,0.0,0.0,0,2007-12-01,5,0
290,a,a,4150.0,0,0.0,0.0,0,2001-05-01,4,10
291,d,a,2325.0,0,0.0,0.0,0,2010-02-01,3,11
292,a,a,1100.0,0,0.0,0.0,0,2009-06-01,7,4
293,c,c,140.0,0,0.0,0.0,0,2007-11-01,7,4
294,a,a,3150.0,0,0.0,0.0,0,2005-05-01,5,0
295,a,a,210.0,1,36.0,2013.0,"Mar,Jun,Sept,Dec",2000-11-01,1,9
296,a,a,9580.0,1,45.0,2014.0,"Feb,May,Aug,Nov",2007-05-01,5,0
297,a,a,2300.0,0,0.0,0.0,0,2010-09-01,1,9
298,d,a,19840.0,0,0.0,0.0,0,2009-07-01,0,5
299,d,c,38630.0,0,0.0,0.0,0,2012-09-01,7,8
300,a,c,120.0,1,1.0,2012.0,"Jan,Apr,Jul,Oct",2009-04-01,5,0
301,a,c,4510.0,0,0.0,0.0,0,2015-03-01,7,8
302,d,c,2190.0,1,9.0,2011.0,"Mar,Jun,Sept,Dec",2007-12-01,5,0
303,a,a,15430.0,1,18.0,2011.0,"Feb,May,Aug,Nov",2012-11-01,4,10
304,a,a,1950.0,0,0.0,0.0,0,2015-07-01,7,1
305,c,c,2470.0,1,31.0,2013.0,"Mar,Jun,Sept,Dec",2005-02-01,5,0
306,a,a,5100.0,1,40.0,2014.0,"Jan,Apr,Jul,Oct",2007-04-01,0,5
307,a,a,18660.0,0,0.0,0.0,0,2002-09-01,6,6
308,a,a,1070.0,1,13.0,2010.0,"Jan,Apr,Jul,Oct",2006-12-01,4,10
309,d,a,8740.0,1,37.0,2009.0,"Feb,May,Aug,Nov",2010-02-01,4,10
310,a,c,2290.0,1,10.0,2014.0,"Mar,Jun,Sept,Dec",2010-02-01,7,8
311,a,c,680.0,0,0.0,0.0,0,2005-07-01,5,0
312,d,a,11300.0,0,0.0,0.0,0,2012-03-01,5,0
313,d,c,14160.0,0,0.0,0.0,0,2010-02-01,6,6
314,a,a,3560.0,1,31.0,2013.0,"Feb,May,Aug,Nov",2001-10-01,4,10
315,a,c,38710.0,0,0.0,0.0,0,2013-04-01,7,8
316,d,a,9000.0,0,0.0,0.0,0,2001-08-01,4,10
317,d,a,3140.0,1,14.0,2011.0,"Jan,Apr,Jul,Oct",2013-07-01,0,5
318,d,c,32330.0,0,0.0,0.0,0,2014-03-01,3,11
319,a,c,570.0,1,27.0,2012.0,"Mar,Jun,Sept,Dec",2012-09-01,7,8
320,a,c,210.0,0,0.0,0.0,0,2012-09-01,7,8
321,c,c,8140.0,1,10.0,2014.0,"Mar,Jun,Sept,Dec",2013-11-01,3,11
322,a,a,17500.0,1,37.0,2009.0,"Jan,Apr,Jul,Oct",2001-04-01,6,6
323,d,c,8400.0,1,5.0,2013.0,"Feb,May,Aug,Nov",2012-04-01,4,7
324,a,a,13140.0,1,14.0,2011.0,"Jan,Apr,Jul,Oct",2010-02-01,2,2
325,a,c,350.0,1,22.0,2011.0,"Feb,May,Aug,Nov",2011-03-01,4,10
326,d,a,10070.0,1,31.0,2013.0,"Feb,May,Aug,Nov",2015-05-01,4,7
327,c,c,1390.0,0,0.0,0.0,0,2004-12-01,2,2
328,a,a,3130.0,0,0.0,0.0,0,2002-07-01,4,10
329,a,a,1310.0,1,22.0,2012.0,"Mar,Jun,Sept,Dec",1990-06-01,4,10
330,a,c,370.0,1,22.0,2012.0,"Mar,Jun,Sept,Dec",2010-02-01,4,10
331,a,c,670.0,1,14.0,2015.0,"Jan,Apr,Jul,Oct",2010-02-01,4,7
332,a,a,1840.0,0,0.0,0.0,0,2006-03-01,2,2
333,a,c,3720.0,0,0.0,0.0,0,2010-02-01,7,3
334,d,c,4040.0,1,18.0,2013.0,"Mar,Jun,Sept,Dec",2008-08-01,4,10
335,b,a,90.0,1,31.0,2013.0,"Jan,Apr,Jul,Oct",2010-02-01,4,10
336,a,a,190.0,0,0.0,0.0,0,2014-07-01,5,0
337,d,c,10600.0,1,45.0,2014.0,"Feb,May,Aug,Nov",2005-07-01,5,0
338,a,c,1590.0,1,37.0,2009.0,"Jan,Apr,Jul,Oct",2010-02-01,5,0
339,a,c,2280.0,1,10.0,2013.0,"Mar,Jun,Sept,Dec",2010-02-01,4,7
340,a,c,8080.0,0,0.0,0.0,0,2010-02-01,7,8
341,a,a,190.0,0,0.0,0.0,0,2011-09-01,4,10
342,d,c,15770.0,1,40.0,2014.0,"Jan,Apr,Jul,Oct",2010-02-01,0,5
343,d,a,18650.0,1,14.0,2014.0,"Jan,Apr,Jul,Oct",2004-04-01,4,10
344,a,c,300.0,1,14.0,2011.0,"Jan,Apr,Jul,Oct",2011-04-01,7,3
345,a,a,120.0,1,22.0,2012.0,"Jan,Apr,Jul,Oct",2010-02-01,0,5
346,a,c,8090.0,0,0.0,0.0,0,2010-02-01,4,10
347,d,c,9360.0,1,22.0,2012.0,"Mar,Jun,Sept,Dec",2013-07-01,1,9
348,a,a,16490.0,1,22.0,2012.0,"Jan,Apr,Jul,Oct",2010-02-01,0,5
349,c,c,1490.0,0,0.0,0.0,0,2009-04-01,7,4
350,d,a,8880.0,1,14.0,2011.0,"Jan,Apr,Jul,Oct",2010-02-01,5,0
351,a,a,5290.0,1,5.0,2013.0,"Feb,May,Aug,Nov",2012-11-01,4,10
352,d,c,6360.0,1,40.0,2012.0,"Mar,Jun,Sept,Dec",2010-02-01,7,8
353,b,b,900.0,1,14.0,2013.0,"Feb,May,Aug,Nov",2010-02-01,1,9
354,d,c,1500.0,0,0.0,0.0,0,2005-10-01,4,10
355,a,c,9720.0,0,0.0,0.0,0,2013-08-01,7,8
356,d,c,8970.0,1,22.0,2012.0,"Feb,May,Aug,Nov",2007-12-01,1,9
357,a,a,2060.0,0,0.0,0.0,0,2008-10-01,3,11
358,a,a,2890.0,0,0.0,0.0,0,2003-10-01,4,10
359,d,c,4370.0,0,0.0,0.0,0,2010-02-01,4,7
360,a,a,2040.0,0,0.0,0.0,0,2007-06-01,7,4
361,c,c,4490.0,1,5.0,2013.0,"Feb,May,Aug,Nov",2014-05-01,2,2
362,c,c,340.0,0,0.0,0.0,0,2010-02-01,5,0
363,a,a,250.0,0,0.0,0.0,0,2009-09-01,7,4
364,a,c,13620.0,1,10.0,2014.0,"Mar,Jun,Sept,Dec",2010-02-01,4,7
365,c,a,2410.0,1,45.0,2009.0,"Feb,May,Aug,Nov",2010-02-01,0,5
366,d,c,6470.0,0,0.0,0.0,0,2004-12-01,2,2
367,d,c,2640.0,0,0.0,0.0,0,2012-09-01,7,8
368,d,c,1450.0,1,45.0,2009.0,"Feb,May,Aug,Nov",2005-04-01,1,9
369,d,c,5870.0,0,0.0,0.0,0,2014-04-01,5,0
370,d,a,8250.0,1,31.0,2009.0,"Jan,Apr,Jul,Oct",2000-10-01,4,10
371,d,c,1970.0,1,45.0,2014.0,"Feb,May,Aug,Nov",2009-07-01,5,0
372,d,c,4880.0,1,18.0,2014.0,"Jan,Apr,Jul,Oct",2010-08-01,4,10
373,d,c,11120.0,1,22.0,2012.0,"Jan,Apr,Jul,Oct",2010-02-01,1,9
374,a,a,1150.0,0,0.0,0.0,0,2007-09-01,7,4
375,a,c,15710.0,1,37.0,2009.0,"Jan,Apr,Jul,Oct",2013-02-01,2,2
376,a,a,160.0,0,0.0,0.0,0,2012-08-01,7,4
377,a,c,100.0,1,18.0,2010.0,"Feb,May,Aug,Nov",2010-06-01,7,8
378,a,c,2140.0,0,0.0,0.0,0,2012-08-01,4,10
379,d,a,6630.0,0,0.0,0.0,0,2010-02-01,7,1
380,a,a,2240.0,1,10.0,2014.0,"Mar,Jun,Sept,Dec",2013-05-01,4,10
381,a,a,1800.0,1,5.0,2013.0,"Feb,May,Aug,Nov",2006-11-01,2,2
382,c,c,26130.0,0,0.0,0.0,0,2002-11-01,2,2
383,a,c,350.0,0,0.0,0.0,0,2010-02-01,5,0
384,a,c,130.0,1,14.0,2011.0,"Jan,Apr,Jul,Oct",2010-02-01,6,6
385,d,a,4580.0,0,0.0,0.0,0,2007-09-01,0,5
386,d,c,1460.0,1,31.0,2013.0,"Jan,Apr,Jul,Oct",2014-04-01,4,10
387,c,a,210.0,1,36.0,2013.0,"Mar,Jun,Sept,Dec",2010-02-01,4,10
388,a,a,2260.0,0,0.0,0.0,0,2010-02-01,4,10
389,a,c,6690.0,0,0.0,0.0,0,2011-08-01,7,3
390,a,c,1600.0,0,0.0,0.0,0,2009-04-01,7,4
391,a,a,460.0,1,31.0,2013.0,"Feb,May,Aug,Nov",2014-11-01,4,10
392,a,a,2120.0,0,0.0,0.0,0,2010-02-01,4,10
393,d,c,4820.0,0,0.0,0.0,0,2008-03-01,4,10
394,d,a,10850.0,0,0.0,0.0,0,2010-02-01,5,0
395,a,a,3620.0,0,0.0,0.0,0,2013-02-01,4,10
396,a,c,23130.0,0,0.0,0.0,0,2010-02-01,2,2
397,a,c,130.0,1,27.0,2013.0,"Feb,May,Aug,Nov",2010-02-01,4,10
398,c,c,1540.0,1,1.0,2012.0,"Jan,Apr,Jul,Oct",2010-02-01,7,8
399,a,a,5360.0,1,40.0,2011.0,"Jan,Apr,Jul,Oct",2012-09-01,0,5
400,a,a,70.0,1,14.0,2011.0,"Jan,Apr,Jul,Oct",2004-11-01,6,6
401,a,c,9200.0,1,14.0,2012.0,"Jan,Apr,Jul,Oct",2009-10-01,3,11
402,c,c,5830.0,1,13.0,2010.0,"Jan,Apr,Jul,Oct",2011-09-01,2,2
403,a,a,4970.0,0,0.0,0.0,0,2015-07-01,4,10
404,a,c,1420.0,1,10.0,2013.0,"Mar,Jun,Sept,Dec",2010-02-01,1,9
405,a,a,1080.0,1,14.0,2011.0,"Jan,Apr,Jul,Oct",2008-04-01,4,10
406,d,c,8240.0,1,10.0,2013.0,"Feb,May,Aug,Nov",2001-03-01,4,7
407,a,a,5890.0,1,14.0,2011.0,"Feb,May,Aug,Nov",2003-10-01,0,5
408,c,a,1560.0,1,45.0,2009.0,"Feb,May,Aug,Nov",2010-02-01,1,9
409,d,c,840.0,1,1.0,2013.0,"Jan,Apr,Jul,Oct",2010-02-01,5,0
410,c,a,40.0,1,22.0,2012.0,"Mar,Jun,Sept,Dec",2011-11-01,4,10
411,d,c,8460.0,0,0.0,0.0,0,2010-02-01,5,0
412,d,c,4460.0,1,39.0,2010.0,"Jan,Apr,Jul,Oct",2010-02-01,0,5
413,a,c,760.0,0,0.0,0.0,0,2014-09-01,0,5
414,d,c,6210.0,1,1.0,2013.0,"Jan,Apr,Jul,Oct",2010-02-01,5,0
415,d,c,6910.0,0,0.0,0.0,0,2005-04-01,4,7
416,a,c,4650.0,0,0.0,0.0,0,2014-06-01,7,3
417,a,c,840.0,1,10.0,2014.0,"Jan,Apr,Jul,Oct",2010-02-01,4,10
418,a,a,1060.0,1,27.0,2011.0,"Feb,May,Aug,Nov",2009-05-01,4,10
419,c,a,1620.0,0,0.0,0.0,0,2009-09-01,7,4
420,d,c,250.0,1,27.0,2012.0,"Jan,Apr,Jul,Oct",2010-02-01,0,5
421,c,c,3530.0,1,35.0,2012.0,"Mar,Jun,Sept,Dec",2012-06-01,7,8
422,a,c,2880.0,0,0.0,0.0,0,2010-02-01,7,8
423,b,a,1270.0,0,0.0,0.0,0,2014-05-01,7,4
424,d,c,1250.0,1,40.0,2011.0,"Jan,Apr,Jul,Oct",2010-02-01,4,10
425,d,c,1460.0,0,0.0,0.0,0,2010-02-01,4,10
426,a,a,250.0,0,0.0,0.0,0,2010-02-01,4,10
427,a,c,70.0,1,13.0,2010.0,"Jan,Apr,Jul,Oct",2005-07-01,0,5
428,d,a,2960.0,1,23.0,2015.0,"Mar,Jun,Sept,Dec",2014-12-01,0,5
429,d,c,16350.0,1,31.0,2013.0,"Jan,Apr,Jul,Oct",2005-07-01,0,5
430,d,c,12870.0,0,0.0,0.0,0,2008-10-01,0,5
431,d,c,4520.0,0,0.0,0.0,0,2010-02-01,4,10
432,a,a,810.0,0,0.0,0.0,0,2013-05-01,7,3
433,a,c,30030.0,0,0.0,0.0,0,2010-11-01,7,8
434,a,a,13020.0,1,40.0,2014.0,"Jan,Apr,Jul,Oct",2003-08-01,0,5
435,a,a,910.0,0,0.0,0.0,0,2010-02-01,4,10
436,d,a,2300.0,0,0.0,0.0,0,2010-02-01,3,11
437,c,c,430.0,1,50.0,2010.0,"Jan,Apr,Jul,Oct",2010-02-01,3,11
438,d,c,1110.0,1,40.0,2012.0,"Jan,Apr,Jul,Oct",2010-02-01,3,11
439,a,a,1350.0,0,0.0,0.0,0,2009-09-01,7,4
440,d,a,3900.0,1,45.0,2009.0,"Feb,May,Aug,Nov",2005-04-01,1,9
441,d,a,2530.0,0,0.0,0.0,0,2010-02-01,4,10
442,c,a,500.0,1,45.0,2009.0,"Feb,May,Aug,Nov",2010-02-01,1,9
443,d,a,11400.0,0,0.0,0.0,0,2005-12-01,3,11
444,c,a,1700.0,0,0.0,0.0,0,2009-11-01,3,11
445,a,a,240.0,0,0.0,0.0,0,2010-02-01,4,10
446,a,a,340.0,1,31.0,2013.0,"Feb,May,Aug,Nov",2000-10-01,4,10
447,a,c,1510.0,0,0.0,0.0,0,2013-09-01,7,8
448,a,c,3970.0,0,0.0,0.0,0,2009-09-01,4,10
449,a,c,120.0,1,37.0,2009.0,"Jan,Apr,Jul,Oct",2014-12-01,5,0
450,c,a,5780.0,1,10.0,2014.0,"Mar,Jun,Sept,Dec",1994-11-01,1,9
451,a,a,2460.0,1,13.0,2010.0,"Jan,Apr,Jul,Oct",2009-04-01,5,0
452,a,c,1850.0,1,5.0,2011.0,"Feb,May,Aug,Nov",2013-08-01,7,8
453,a,c,75860.0,0,0.0,0.0,0,2010-02-01,7,8
454,a,a,26450.0,0,0.0,0.0,0,2010-02-01,2,2
455,d,c,7660.0,0,0.0,0.0,0,2010-09-01,1,9
456,a,c,140.0,0,0.0,0.0,0,2010-02-01,4,10
457,d,c,13140.0,1,31.0,2013.0,"Jan,Apr,Jul,Oct",2010-02-01,0,5
458,c,a,3390.0,0,0.0,0.0,0,2010-02-01,5,0
459,a,a,250.0,1,5.0,2013.0,"Feb,May,Aug,Nov",2008-09-01,7,8
460,a,a,34050.0,0,0.0,0.0,0,2008-04-01,2,2
461,d,c,1790.0,1,40.0,2013.0,"Jan,Apr,Jul,Oct",2013-07-01,1,9
462,a,a,44320.0,0,0.0,0.0,0,2008-08-01,2,2
463,a,a,4160.0,0,0.0,0.0,0,2010-02-01,4,10
464,c,a,520.0,0,0.0,0.0,0,2009-03-01,7,4
465,d,c,10890.0,0,0.0,0.0,0,2005-04-01,5,0
466,a,c,3110.0,0,0.0,0.0,0,2003-03-01,4,10
467,a,c,20390.0,0,0.0,0.0,0,2008-04-01,4,10
468,c,c,5260.0,0,0.0,0.0,0,2012-09-01,7,8
469,c,c,710.0,0,0.0,0.0,0,2005-09-01,7,4
470,a,c,50.0,0,0.0,0.0,0,2010-02-01,4,10
471,d,a,5300.0,1,45.0,2009.0,"Feb,May,Aug,Nov",2010-02-01,0,5
472,c,c,5030.0,0,0.0,0.0,0,2011-08-01,7,3
473,a,a,50.0,0,0.0,0.0,0,2010-02-01,4,10
474,c,a,14810.0,1,14.0,2011.0,"Mar,Jun,Sept,Dec",2010-02-01,6,6
475,a,a,140.0,0,0.0,0.0,0,2005-09-01,4,10
476,d,a,8300.0,0,0.0,0.0,0,2006-09-01,3,11
477,d,a,770.0,1,35.0,2010.0,"Jan,Apr,Jul,Oct",2010-07-01,0,5
478,d,c,1940.0,0,0.0,0.0,0,2012-03-01,7,4
479,a,a,320.0,1,9.0,2011.0,"Feb,May,Aug,Nov",2005-12-01,2,2
480,a,a,300.0,0,0.0,0.0,0,2012-11-01,7,4
481,c,c,7470.0,1,44.0,2012.0,"Feb,May,Aug,Nov",2010-02-01,5,0
482,c,a,2550.0,0,0.0,0.0,0,2005-10-01,2,2
483,a,c,2310.0,1,13.0,2010.0,"Jan,Apr,Jul,Oct",2011-09-01,2,2
484,a,c,14300.0,0,0.0,0.0,0,2011-03-01,7,8
485,d,c,3270.0,1,22.0,2012.0,"Jan,Apr,Jul,Oct",2010-02-01,0,5
486,a,a,2320.0,1,31.0,2013.0,"Jan,Apr,Jul,Oct",2010-02-01,4,10
487,d,c,2180.0,1,40.0,2012.0,"Jan,Apr,Jul,Oct",2012-09-01,7,8
488,a,c,2890.0,0,0.0,0.0,0,2014-04-01,7,8
489,a,a,14960.0,1,37.0,2009.0,"Jan,Apr,Jul,Oct",2013-11-01,2,2
490,a,a,660.0,1,40.0,2014.0,"Jan,Apr,Jul,Oct",2013-04-01,0,5
491,d,c,4680.0,1,22.0,2012.0,"Mar,Jun,Sept,Dec",2010-02-01,1,9
492,a,a,1740.0,1,40.0,2012.0,"Jan,Apr,Jul,Oct",2008-03-01,0,5
493,d,c,1150.0,1,14.0,2011.0,"Jan,Apr,Jul,Oct",2010-02-01,4,10
494,b,a,1260.0,0,0.0,0.0,0,2011-06-01,7,4
495,d,a,5470.0,1,37.0,2009.0,"Jan,Apr,Jul,Oct",2010-02-01,1,9
496,d,c,2780.0,0,0.0,0.0,0,2015-06-01,7,4
497,a,c,1610.0,0,0.0,0.0,0,2010-02-01,5,0
498,a,a,990.0,1,40.0,2014.0,"Jan,Apr,Jul,Oct",2010-02-01,0,5
499,c,c,450.0,1,5.0,2013.0,"Feb,May,Aug,Nov",2010-02-01,1,9
500,d,c,10690.0,1,5.0,2013.0,"Jan,Apr,Jul,Oct",2007-09-01,0,5
501,a,c,1620.0,0,0.0,0.0,0,2006-09-01,0,5
502,a,a,220.0,1,37.0,2009.0,"Jan,Apr,Jul,Oct",2002-02-01,5,0
503,d,c,13080.0,1,14.0,2011.0,"Jan,Apr,Jul,Oct",2006-09-01,2,2
504,c,c,820.0,0,0.0,0.0,0,2010-02-01,7,1
505,a,a,350.0,1,5.0,2013.0,"Feb,May,Aug,Nov",2010-02-01,1,9
506,a,a,1850.0,1,18.0,2011.0,"Feb,May,Aug,Nov",2014-12-01,4,10
507,a,c,9070.0,1,37.0,2009.0,"Jan,Apr,Jul,Oct",2011-04-01,4,10
508,a,c,1280.0,1,40.0,2011.0,"Jan,Apr,Jul,Oct",2010-02-01,4,10
509,a,a,4740.0,1,37.0,2009.0,"Jan,Apr,Jul,Oct",2008-07-01,5,0
510,a,c,8260.0,0,0.0,0.0,0,2010-02-01,4,10
511,a,a,2060.0,0,0.0,0.0,0,2009-09-01,7,1
512,b,b,590.0,1,5.0,2013.0,"Mar,Jun,Sept,Dec",2010-02-01,0,5
513,a,a,400.0,0,0.0,0.0,0,2013-08-01,7,4
514,c,c,1200.0,1,27.0,2012.0,"Jan,Apr,Jul,Oct",2012-07-01,0,5
515,d,c,11260.0,1,9.0,2011.0,"Feb,May,Aug,Nov",2010-02-01,4,10
516,a,c,20.0,1,35.0,2010.0,"Mar,Jun,Sept,Dec",2010-02-01,4,10
517,a,c,22490.0,0,0.0,0.0,0,2010-02-01,5,0
518,d,c,3330.0,1,13.0,2010.0,"Jan,Apr,Jul,Oct",2015-03-01,0,5
519,c,c,2510.0,1,1.0,2012.0,"Jan,Apr,Jul,Oct",2009-08-01,7,8
520,a,c,6900.0,1,40.0,2012.0,"Mar,Jun,Sept,Dec",2010-02-01,7,8
521,d,a,18610.0,1,48.0,2011.0,"Mar,Jun,Sept,Dec",2002-11-01,4,7
522,d,c,7160.0,1,9.0,2011.0,"Jan,Apr,Jul,Oct",2012-11-01,0,5
523,c,c,50.0,0,0.0,0.0,0,2013-11-01,7,4
524,a,c,40860.0,0,0.0,0.0,0,2013-09-01,7,8
525,d,c,1870.0,0,0.0,0.0,0,2013-09-01,7,4
526,a,a,120.0,1,48.0,2011.0,"Mar,Jun,Sept,Dec",2010-02-01,6,6
527,d,c,5830.0,0,0.0,0.0,0,2008-04-01,4,10
528,a,c,20620.0,1,37.0,2009.0,"Jan,Apr,Jul,Oct",2010-02-01,4,10
529,d,c,12920.0,0,0.0,0.0,0,2012-09-01,7,8
530,a,c,18160.0,0,0.0,0.0,0,2010-02-01,7,8
531,a,c,4030.0,0,0.0,0.0,0,2010-02-01,7,3
532,a,c,1070.0,0,0.0,0.0,0,2010-08-01,4,10
533,a,c,5950.0,0,0.0,0.0,0,2010-02-01,1,9
534,d,a,1200.0,1,45.0,2009.0,"Jan,Apr,Jul,Oct",2009-09-01,0,5
535,a,a,3570.0,0,0.0,0.0,0,2007-04-01,4,10
536,a,c,4700.0,1,31.0,2013.0,"Feb,May,Aug,Nov",2002-09-01,4,10
537,a,a,600.0,1,1.0,2012.0,"Jan,Apr,Jul,Oct",2002-05-01,1,9
538,a,a,990.0,0,0.0,0.0,0,2010-02-01,7,8
539,a,a,770.0,1,40.0,2014.0,"Jan,Apr,Jul,Oct",2013-05-01,0,5
540,d,c,810.0,1,48.0,2012.0,"Jan,Apr,Jul,Oct",2010-02-01,0,5
541,a,c,650.0,0,0.0,0.0,0,1990-07-01,4,10
542,a,a,7280.0,1,1.0,2013.0,"Jan,Apr,Jul,Oct",2012-09-01,0,5
543,c,a,1080.0,0,0.0,0.0,0,2012-12-01,5,0
544,a,a,250.0,1,13.0,2010.0,"Jan,Apr,Jul,Oct",2001-12-01,3,11
545,a,c,5020.0,1,18.0,2014.0,"Feb,May,Aug,Nov",2006-05-01,4,10
546,a,a,580.0,0,0.0,0.0,0,2005-01-01,7,4
547,d,c,8990.0,1,35.0,2010.0,"Mar,Jun,Sept,Dec",2009-11-01,0,5
548,d,c,3760.0,0,0.0,0.0,0,2009-02-01,5,0
549,a,c,2330.0,0,0.0,0.0,0,2010-02-01,7,3
550,d,c,50.0,0,0.0,0.0,0,2015-06-01,5,0
551,a,c,2190.0,0,0.0,0.0,0,2013-09-01,7,8
552,a,a,4260.0,1,37.0,2009.0,"Jan,Apr,Jul,Oct",2008-07-01,5,0
553,c,a,3040.0,1,13.0,2010.0,"Jan,Apr,Jul,Oct",2002-09-01,1,9
554,c,c,1200.0,0,0.0,0.0,0,2010-02-01,7,3
555,d,a,1560.0,1,10.0,2013.0,"Mar,Jun,Sept,Dec",2014-01-01,0,5
556,d,c,1140.0,0,0.0,0.0,0,2014-11-01,7,4
557,a,a,250.0,0,0.0,0.0,0,2010-02-01,4,10
558,a,a,3000.0,0,0.0,0.0,0,2010-02-01,7,3
559,d,a,3910.0,1,5.0,2013.0,"Feb,May,Aug,Nov",2006-11-01,2,2
560,c,c,1910.0,0,0.0,0.0,0,2013-07-01,7,4
561,d,a,14300.0,0,0.0,0.0,0,2010-02-01,4,10
562,b,c,1210.0,0,0.0,0.0,0,2010-02-01,7,1
563,a,a,700.0,1,10.0,2014.0,"Jan,Apr,Jul,Oct",2015-03-01,4,10
564,d,c,6540.0,1,14.0,2013.0,"Jan,Apr,Jul,Oct",2010-02-01,4,10
565,a,c,160.0,0,0.0,0.0,0,2007-07-01,4,10
566,a,a,3620.0,1,40.0,2013.0,"Jan,Apr,Jul,Oct",2010-02-01,7,3
567,c,a,1010.0,1,18.0,2011.0,"Feb,May,Aug,Nov",2012-09-01,4,10
568,d,c,4270.0,1,1.0,2013.0,"Jan,Apr,Jul,Oct",2010-02-01,5,0
569,a,a,1340.0,0,0.0,0.0,0,2006-09-01,7,4
570,a,a,180.0,0,0.0,0.0,0,2006-11-01,4,10
571,d,a,2110.0,1,40.0,2014.0,"Jan,Apr,Jul,Oct",1995-11-01,0,5
572,d,c,9230.0,1,37.0,2009.0,"Jan,Apr,Jul,Oct",2004-04-01,4,10
573,a,a,1190.0,1,36.0,2013.0,"Jan,Apr,Jul,Oct",2012-11-01,0,5
574,d,a,4400.0,0,0.0,0.0,0,2010-02-01,1,9
575,a,a,960.0,1,13.0,2010.0,"Jan,Apr,Jul,Oct",2008-05-01,0,5
576,c,a,50.0,0,0.0,0.0,0,2006-11-01,7,4
577,a,c,2270.0,1,35.0,2012.0,"Mar,Jun,Sept,Dec",2010-02-01,7,8
578,d,a,12700.0,0,0.0,0.0,0,2013-04-01,7,8
579,c,a,20970.0,0,0.0,0.0,0,2012-11-01,4,10
580,a,c,170.0,0,0.0,0.0,0,2009-02-01,7,8
581,a,a,7250.0,0,0.0,0.0,0,2013-12-01,4,7
582,a,a,120.0,0,0.0,0.0,0,2010-02-01,5,0
583,a,a,2640.0,0,0.0,0.0,0,2002-11-01,2,2
584,d,a,1360.0,1,35.0,2010.0,"Mar,Jun,Sept,Dec",2010-02-01,5,0
585,d,c,440.0,0,0.0,0.0,0,2014-04-01,7,8
586,a,c,250.0,0,0.0,0.0,0,2008-10-01,4,10
587,d,c,330.0,1,14.0,2011.0,"Jan,Apr,Jul,Oct",2006-09-01,0,5
588,d,c,15720.0,0,0.0,0.0,0,2010-03-01,7,8
589,a,c,360.0,1,18.0,2013.0,"Feb,May,Aug,Nov",2010-02-01,5,0
590,d,c,4520.0,1,31.0,2013.0,"Jan,Apr,Jul,Oct",2010-09-01,1,9
591,a,c,3340.0,1,22.0,2012.0,"Mar,Jun,Sept,Dec",2010-02-01,1,9
592,a,a,2540.0,0,0.0,0.0,0,2005-06-01,4,10
593,a,c,33060.0,0,0.0,0.0,0,2010-03-01,7,8
594,a,a,1790.0,0,0.0,0.0,0,2011-10-01,7,4
595,c,c,1130.0,0,0.0,0.0,0,2015-06-01,7,4
596,c,a,290.0,0,0.0,0.0,0,2006-09-01,7,4
597,a,a,150.0,1,1.0,2012.0,"Mar,Jun,Sept,Dec",2008-09-01,4,7
598,c,a,550.0,1,40.0,2014.0,"Jan,Apr,Jul,Oct",2013-12-01,0,5
599,d,c,580.0,0,0.0,0.0,0,2014-11-01,7,4
600,d,c,17340.0,1,9.0,2011.0,"Feb,May,Aug,Nov",2010-06-01,7,8
601,d,a,8220.0,1,14.0,2011.0,"Jan,Apr,Jul,Oct",2014-04-01,5,0
602,a,a,2710.0,1,22.0,2012.0,"Mar,Jun,Sept,Dec",2001-07-01,5,0
603,a,a,340.0,1,13.0,2010.0,"Jan,Apr,Jul,Oct",2007-04-01,1,9
604,d,a,10950.0,0,0.0,0.0,0,2014-03-01,0,5
605,d,a,10310.0,1,37.0,2009.0,"Jan,Apr,Jul,Oct",2003-04-01,1,9
606,a,a,2260.0,0,0.0,0.0,0,2007-11-01,7,4
607,a,a,350.0,1,14.0,2011.0,"Jan,Apr,Jul,Oct",1999-08-01,6,6
608,a,c,18370.0,1,14.0,2011.0,"Jan,Apr,Jul,Oct",2013-02-01,2,2
609,a,a,2070.0,0,0.0,0.0,0,2007-09-01,7,4
610,a,a,660.0,0,0.0,0.0,0,2007-01-01,4,10
611,a,a,8080.0,1,40.0,2014.0,"Jan,Apr,Jul,Oct",2002-12-01,0,5
612,d,c,2490.0,1,31.0,2009.0,"Jan,Apr,Jul,Oct",2012-11-01,0,5
613,c,a,250.0,1,14.0,2011.0,"Jan,Apr,Jul,Oct",2007-06-01,6,6
614,a,a,1160.0,0,0.0,0.0,0,2012-12-01,3,11
615,d,a,730.0,0,0.0,0.0,0,2007-08-01,5,0
616,a,c,3040.0,1,35.0,2010.0,"Mar,Jun,Sept,Dec",2011-08-01,4,10
617,a,c,8940.0,1,9.0,2011.0,"Jan,Apr,Jul,Oct",2010-02-01,3,11
618,d,c,9910.0,0,0.0,0.0,0,2010-02-01,5,0
619,a,a,1600.0,1,45.0,2009.0,"Feb,May,Aug,Nov",2006-06-01,0,5
620,d,c,5440.0,1,40.0,2014.0,"Jan,Apr,Jul,Oct",2010-02-01,0,5
621,a,a,30.0,0,0.0,0.0,0,2002-07-01,4,10
622,a,c,2325.0,0,0.0,0.0,0,2010-02-01,7,8
623,a,a,4080.0,1,13.0,2010.0,"Jan,Apr,Jul,Oct",2011-03-01,4,10
624,a,c,6920.0,0,0.0,0.0,0,2011-09-01,4,10
625,a,a,1170.0,1,22.0,2012.0,"Feb,May,Aug,Nov",2011-04-01,4,10
626,c,c,10740.0,0,0.0,0.0,0,2013-11-01,3,11
627,c,c,3970.0,0,0.0,0.0,0,2010-03-01,5,0
628,a,c,2180.0,0,0.0,0.0,0,2010-02-01,7,1
629,d,a,510.0,1,23.0,2015.0,"Mar,Jun,Sept,Dec",2014-07-01,0,5
630,a,a,1690.0,0,0.0,0.0,0,2015-04-01,6,6
631,d,c,2870.0,1,35.0,2012.0,"Mar,Jun,Sept,Dec",2010-02-01,7,8
632,a,a,3350.0,0,0.0,0.0,0,2010-02-01,7,3
633,d,a,11640.0,1,22.0,2011.0,"Jan,Apr,Jul,Oct",2005-04-01,0,5
634,d,a,18610.0,0,0.0,0.0,0,2010-02-01,3,11
635,a,a,27530.0,0,0.0,0.0,0,2014-04-01,2,2
636,c,a,720.0,1,13.0,2010.0,"Jan,Apr,Jul,Oct",2004-10-01,0,5
637,d,c,9790.0,1,31.0,2009.0,"Feb,May,Aug,Nov",2010-02-01,0,5
638,d,a,10170.0,0,0.0,0.0,0,2001-11-01,0,5
639,a,a,7780.0,0,0.0,0.0,0,2006-11-01,4,10
640,d,c,8040.0,0,0.0,0.0,0,2010-02-01,4,10
641,a,c,610.0,1,36.0,2013.0,"Mar,Jun,Sept,Dec",2003-12-01,4,10
642,c,c,530.0,1,35.0,2010.0,"Mar,Jun,Sept,Dec",2005-04-01,4,10
643,a,a,230.0,1,18.0,2010.0,"Feb,May,Aug,Nov",2010-06-01,7,8
644,c,a,4030.0,1,14.0,2011.0,"Jan,Apr,Jul,Oct",2004-12-01,0,5
645,a,a,90.0,1,45.0,2009.0,"Feb,May,Aug,Nov",2010-02-01,1,9
646,a,a,620.0,0,0.0,0.0,0,2014-09-01,0,5
647,a,c,7420.0,0,0.0,0.0,0,2013-04-01,7,8
648,d,a,2130.0,0,0.0,0.0,0,2008-12-01,7,4
649,a,a,14570.0,0,0.0,0.0,0,2002-11-01,2,2
650,a,a,1420.0,1,40.0,2014.0,"Jan,Apr,Jul,Oct",2012-10-01,0,5
651,a,a,200.0,0,0.0,0.0,0,2010-02-01,4,10
652,a,a,20390.0,0,0.0,0.0,0,2010-02-01,6,6
653,d,c,7520.0,1,45.0,2009.0,"Feb,May,Aug,Nov",2014-07-01,4,10
654,c,a,6930.0,0,0.0,0.0,0,2006-09-01,3,11
655,d,c,960.0,1,5.0,2013.0,"Feb,May,Aug,Nov",2012-11-01,4,10
656,d,a,410.0,1,13.0,2010.0,"Jan,Apr,Jul,Oct",2009-04-01,5,0
657,c,c,80.0,1,10.0,2014.0,"Jan,Apr,Jul,Oct",2006-01-01,4,10
658,d,c,520.0,1,37.0,2009.0,"Jan,Apr,Jul,Oct",2010-02-01,4,10
659,d,a,1590.0,0,0.0,0.0,0,2012-03-01,5,0
660,a,a,1200.0,1,40.0,2014.0,"Jan,Apr,Jul,Oct",2006-11-01,0,5
661,d,c,2140.0,0,0.0,0.0,0,2013-07-01,5,0
662,d,a,1070.0,0,0.0,0.0,0,2010-02-01,7,1
663,a,c,7860.0,0,0.0,0.0,0,2005-05-01,1,9
664,d,c,1680.0,0,0.0,0.0,0,2005-10-01,2,2
665,a,a,90.0,1,14.0,2011.0,"Jan,Apr,Jul,Oct",2012-12-01,5,0
666,c,c,2700.0,1,9.0,2011.0,"Mar,Jun,Sept,Dec",2010-02-01,1,9
667,d,c,2870.0,0,0.0,0.0,0,2012-09-01,7,8
668,c,a,1270.0,0,0.0,0.0,0,2010-09-01,7,4
669,d,a,17080.0,1,31.0,2013.0,"Jan,Apr,Jul,Oct",2012-07-01,0,5
670,a,a,2060.0,1,45.0,2009.0,"Feb,May,Aug,Nov",2010-02-01,0,5
671,a,c,2070.0,1,39.0,2010.0,"Jan,Apr,Jul,Oct",2008-02-01,0,5
672,c,a,240.0,0,0.0,0.0,0,2002-09-01,3,11
673,d,c,15170.0,1,5.0,2013.0,"Feb,May,Aug,Nov",2010-02-01,1,9
674,a,a,2640.0,1,31.0,2013.0,"Feb,May,Aug,Nov",2005-12-01,4,10
675,a,a,2100.0,1,14.0,2011.0,"Jan,Apr,Jul,Oct",2013-08-01,4,10
676,b,b,1410.0,0,0.0,0.0,0,2008-09-01,5,0
677,d,a,1740.0,1,45.0,2009.0,"Feb,May,Aug,Nov",2014-06-01,0,5
678,c,a,3250.0,1,40.0,2011.0,"Jan,Apr,Jul,Oct",2010-02-01,4,10
679,a,a,4140.0,0,0.0,0.0,0,2012-09-01,7,4
680,c,a,170.0,1,35.0,2012.0,"Mar,Jun,Sept,Dec",2010-02-01,7,8
681,a,c,620.0,1,1.0,2014.0,"Mar,Jun,Sept,Dec",2010-02-01,4,7
682,b,a,150.0,0,0.0,0.0,0,2006-09-01,7,4
683,a,a,2850.0,0,0.0,0.0,0,2014-07-01,7,4
684,d,c,680.0,1,22.0,2012.0,"Jan,Apr,Jul,Oct",2010-02-01,0,5
685,a,a,650.0,1,37.0,2009.0,"Jan,Apr,Jul,Oct",2013-11-01,4,10
686,a,a,20050.0,0,0.0,0.0,0,2002-04-01,3,11
687,d,c,2770.0,0,0.0,0.0,0,2010-02-01,4,10
688,a,a,18760.0,1,14.0,2011.0,"Jan,Apr,Jul,Oct",2015-08-01,2,2
689,d,a,15040.0,0,0.0,0.0,0,2004-10-01,5,0
690,a,a,100.0,0,0.0,0.0,0,2010-02-01,4,10
691,d,c,3030.0,1,37.0,2009.0,"Jan,Apr,Jul,Oct",2010-02-01,4,10
692,a,a,40.0,0,0.0,0.0,0,2001-08-01,4,10
693,d,a,450.0,1,40.0,2011.0,"Jan,Apr,Jul,Oct",2010-02-01,5,0
694,a,c,460.0,1,40.0,2014.0,"Jan,Apr,Jul,Oct",2012-11-01,0,5
695,a,a,550.0,1,1.0,2012.0,"Jan,Apr,Jul,Oct",2011-07-01,4,10
696,a,c,430.0,0,0.0,0.0,0,2010-02-01,7,3
697,d,a,3780.0,1,40.0,2011.0,"Jan,Apr,Jul,Oct",2010-02-01,4,10
698,a,a,1790.0,0,0.0,0.0,0,2011-05-01,7,4
699,a,a,180.0,1,5.0,2013.0,"Jan,Apr,Jul,Oct",2010-02-01,5,0
700,a,c,830.0,1,27.0,2013.0,"Jan,Apr,Jul,Oct",2010-02-01,5,0
701,d,a,1450.0,1,14.0,2011.0,"Jan,Apr,Jul,Oct",2012-03-01,0,5
702,a,a,8550.0,1,45.0,2009.0,"Feb,May,Aug,Nov",2001-09-01,0,5
703,a,a,80.0,0,0.0,0.0,0,2005-06-01,4,10
704,d,c,1910.0,0,0.0,0.0,0,2009-04-01,7,4
705,a,a,4140.0,1,18.0,2011.0,"Feb,May,Aug,Nov",2012-09-01,4,10
706,d,a,7830.0,1,10.0,2014.0,"Mar,Jun,Sept,Dec",2014-09-01,0,5
707,a,c,2900.0,0,0.0,0.0,0,1990-07-01,4,10
708,c,c,11470.0,1,18.0,2014.0,"Jan,Apr,Jul,Oct",2009-10-01,3,11
709,a,a,500.0,0,0.0,0.0,0,2010-12-01,7,4
710,d,a,1500.0,1,14.0,2011.0,"Jan,Apr,Jul,Oct",2008-09-01,0,5
711,d,a,17110.0,1,5.0,2010.0,"Jan,Apr,Jul,Oct",2007-03-01,0,5
712,a,a,4870.0,1,45.0,2009.0,"Jan,Apr,Jul,Oct",2007-09-01,0,5
713,a,c,220.0,1,10.0,2014.0,"Jan,Apr,Jul,Oct",2010-02-01,4,10
714,d,c,12070.0,1,10.0,2013.0,"Jan,Apr,Jul,Oct",2005-10-01,1,9
715,a,a,14810.0,0,0.0,0.0,0,2014-06-01,2,2
716,d,a,3200.0,1,22.0,2011.0,"Jan,Apr,Jul,Oct",2008-01-01,0,5
717,d,c,310.0,1,40.0,2011.0,"Jan,Apr,Jul,Oct",2010-02-01,4,10
718,a,a,1100.0,0,0.0,0.0,0,2015-06-01,5,0
719,c,c,8190.0,1,45.0,2009.0,"Feb,May,Aug,Nov",2010-02-01,0,5
720,a,c,15320.0,1,14.0,2013.0,"Feb,May,Aug,Nov",2011-03-01,7,8
721,a,c,3590.0,1,22.0,2012.0,"Mar,Jun,Sept,Dec",2012-09-01,7,8
722,a,a,50.0,0,0.0,0.0,0,2010-02-01,7,1
723,d,c,5650.0,1,5.0,2013.0,"Feb,May,Aug,Nov",2008-09-01,5,0
724,d,c,5900.0,0,0.0,0.0,0,2010-02-01,4,10
725,d,c,17540.0,0,0.0,0.0,0,2012-06-01,7,8
726,a,c,40540.0,0,0.0,0.0,0,2002-02-01,3,11
727,a,a,2050.0,0,0.0,0.0,0,2007-03-01,5,0
728,d,a,13990.0,1,14.0,2011.0,"Jan,Apr,Jul,Oct",2010-02-01,1,9
729,c,c,8980.0,0,0.0,0.0,0,2011-06-01,4,10
730,c,a,1190.0,0,0.0,0.0,0,2013-09-01,7,4
731,a,a,15270.0,1,10.0,2014.0,"Jan,Apr,Jul,Oct",2010-02-01,4,10
732,a,c,35280.0,0,0.0,0.0,0,2010-02-01,7,8
733,b,b,860.0,0,0.0,0.0,0,1999-10-01,4,10
734,a,a,220.0,1,36.0,2013.0,"Mar,Jun,Sept,Dec",2010-02-01,4,10
735,d,c,1920.0,0,0.0,0.0,0,2005-04-01,2,2
736,c,c,1650.0,1,14.0,2011.0,"Jan,Apr,Jul,Oct",2010-02-01,0,5
737,a,a,100.0,1,31.0,2013.0,"Jan,Apr,Jul,Oct",2007-05-01,4,10
738,d,c,5980.0,0,0.0,0.0,0,2005-10-01,4,10
739,d,c,2770.0,1,22.0,2011.0,"Jan,Apr,Jul,Oct",2008-06-01,0,5
740,d,a,6400.0,0,0.0,0.0,0,2014-03-01,5,0
741,d,c,11900.0,0,0.0,0.0,0,2010-02-01,7,1
742,d,c,4380.0,0,0.0,0.0,0,2010-02-01,4,10
743,a,a,6710.0,1,14.0,2012.0,"Jan,Apr,Jul,Oct",2003-11-01,3,11
744,a,a,1370.0,1,40.0,2014.0,"Jan,Apr,Jul,Oct",2011-12-01,0,5
745,a,a,17650.0,1,37.0,2009.0,"Jan,Apr,Jul,Oct",2013-11-01,3,11
746,d,c,4330.0,1,35.0,2011.0,"Mar,Jun,Sept,Dec",2011-02-01,5,0
747,c,c,45740.0,0,0.0,0.0,0,2008-08-01,2,2
748,d,a,2380.0,1,14.0,2011.0,"Jan,Apr,Jul,Oct",2010-03-01,4,10
749,a,a,3410.0,1,14.0,2015.0,"Jan,Apr,Jul,Oct",2011-08-01,4,7
750,d,a,8670.0,1,14.0,2011.0,"Jan,Apr,Jul,Oct",2002-02-01,0,5
751,a,a,650.0,0,0.0,0.0,0,2006-10-01,4,10
752,a,a,970.0,1,31.0,2013.0,"Feb,May,Aug,Nov",2013-03-01,4,10
753,d,c,540.0,1,35.0,2010.0,"Mar,Jun,Sept,Dec",2012-11-01,4,10
754,c,c,380.0,1,10.0,2014.0,"Mar,Jun,Sept,Dec",2008-05-01,6,6
755,d,c,13130.0,0,0.0,0.0,0,2003-12-01,6,6
756,a,c,50.0,1,40.0,2011.0,"Jan,Apr,Jul,Oct",2010-02-01,4,10
757,a,c,3450.0,0,0.0,0.0,0,2010-02-01,1,9
758,a,c,19780.0,0,0.0,0.0,0,2008-06-01,1,9
759,a,a,110.0,1,31.0,2013.0,"Feb,May,Aug,Nov",2012-11-01,4,10
760,a,a,560.0,0,0.0,0.0,0,2011-01-01,7,4
761,a,a,2390.0,0,0.0,0.0,0,2012-09-01,7,4
762,d,c,1280.0,1,10.0,2013.0,"Mar,Jun,Sept,Dec",2010-02-01,1,9
763,d,c,32240.0,0,0.0,0.0,0,2010-03-01,7,8
764,a,c,26490.0,1,10.0,2014.0,"Mar,Jun,Sept,Dec",2010-02-01,4,7
765,a,c,25430.0,1,37.0,2009.0,"Jan,Apr,Jul,Oct",1999-05-01,1,9
766,d,c,9820.0,0,0.0,0.0,0,2010-02-01,0,5
767,a,c,13080.0,0,0.0,0.0,0,2010-02-01,7,8
768,a,c,2630.0,0,0.0,0.0,0,2012-09-01,7,8
769,b,b,840.0,1,48.0,2012.0,"Jan,Apr,Jul,Oct",2010-02-01,4,10
770,a,c,100.0,0,0.0,0.0,0,2015-04-01,4,10
771,a,a,20640.0,0,0.0,0.0,0,2007-09-01,0,5
772,d,c,1850.0,0,0.0,0.0,0,2010-02-01,7,3
773,a,a,200.0,0,0.0,0.0,0,2010-02-01,5,0
774,a,c,640.0,0,0.0,0.0,0,2013-09-01,7,8
775,d,c,6970.0,1,22.0,2011.0,"Jan,Apr,Jul,Oct",2005-12-01,0,5
776,c,a,700.0,1,14.0,2011.0,"Jan,Apr,Jul,Oct",2009-04-01,4,10
777,d,c,8250.0,1,10.0,2013.0,"Mar,Jun,Sept,Dec",2004-10-01,1,9
778,a,a,340.0,1,40.0,2014.0,"Jan,Apr,Jul,Oct",2003-06-01,0,5
779,a,a,16990.0,0,0.0,0.0,0,2004-04-01,3,11
780,a,a,18160.0,0,0.0,0.0,0,2010-02-01,3,11
781,a,a,630.0,0,0.0,0.0,0,2007-04-01,2,2
782,c,c,5390.0,1,1.0,2012.0,"Jan,Apr,Jul,Oct",2003-08-01,4,7
783,d,c,15490.0,0,0.0,0.0,0,2010-02-01,6,6
784,a,a,560.0,1,10.0,2014.0,"Jan,Apr,Jul,Oct",2014-10-01,4,10
785,d,c,970.0,1,31.0,2013.0,"Feb,May,Aug,Nov",2005-07-01,4,10
786,a,a,290.0,1,5.0,2013.0,"Feb,May,Aug,Nov",2006-11-01,2,2
787,c,c,3210.0,0,0.0,0.0,0,2009-06-01,3,11
788,a,c,1530.0,0,0.0,0.0,0,2013-03-01,7,4
789,a,c,9770.0,0,0.0,0.0,0,2003-07-01,1,9
790,d,c,9070.0,0,0.0,0.0,0,2003-12-01,5,0
791,a,a,5950.0,0,0.0,0.0,0,2007-04-01,4,10
792,d,a,17280.0,1,18.0,2011.0,"Feb,May,Aug,Nov",2009-10-01,4,10
793,d,a,2710.0,0,0.0,0.0,0,2006-07-01,4,10
794,c,c,5090.0,0,0.0,0.0,0,2006-09-01,3,11
795,d,a,510.0,1,35.0,2010.0,"Mar,Jun,Sept,Dec",2010-02-01,4,10
796,a,c,7180.0,0,0.0,0.0,0,2012-11-01,4,10
797,a,a,2090.0,1,40.0,2014.0,"Jan,Apr,Jul,Oct",2012-10-01,0,5
798,a,a,9560.0,0,0.0,0.0,0,2001-04-01,3,11
799,a,c,2700.0,0,0.0,0.0,0,2010-02-01,4,10
800,d,a,2020.0,0,0.0,0.0,0,2014-07-01,4,7
801,d,a,48330.0,0,0.0,0.0,0,2013-04-01,7,8
802,a,c,910.0,1,22.0,2011.0,"Feb,May,Aug,Nov",2010-02-01,7,8
803,d,a,1760.0,1,10.0,2014.0,"Mar,Jun,Sept,Dec",2010-02-01,5,0
804,c,c,2100.0,1,1.0,2013.0,"Jan,Apr,Jul,Oct",2010-02-01,0,5
805,d,a,24770.0,1,10.0,2014.0,"Mar,Jun,Sept,Dec",2011-10-01,0,5
806,d,a,260.0,1,44.0,2010.0,"Feb,May,Aug,Nov",2010-02-01,0,5
807,a,a,3870.0,0,0.0,0.0,0,2008-04-01,5,0
808,a,a,18620.0,1,31.0,2009.0,"Feb,May,Aug,Nov",2010-02-01,3,11
809,a,a,12770.0,0,0.0,0.0,0,2000-10-01,4,10
810,d,c,9640.0,0,0.0,0.0,0,2013-11-01,4,7
811,a,a,410.0,0,0.0,0.0,0,2012-09-01,7,8
812,d,a,2590.0,0,0.0,0.0,0,2012-09-01,3,11
813,a,a,1560.0,0,0.0,0.0,0,2003-09-01,1,9
814,d,c,24530.0,0,0.0,0.0,0,2013-07-01,6,6
815,a,a,590.0,1,40.0,2014.0,"Jan,Apr,Jul,Oct",1900-01-01,0,5
816,c,c,460.0,0,0.0,0.0,0,2010-02-01,4,10
817,a,a,140.0,0,0.0,0.0,0,2006-03-01,7,4
818,d,a,490.0,1,35.0,2010.0,"Mar,Jun,Sept,Dec",2010-02-01,5,0
819,a,c,720.0,0,0.0,0.0,0,2014-10-01,7,8
820,a,c,1650.0,1,40.0,2014.0,"Jan,Apr,Jul,Oct",2010-02-01,0,5
821,a,a,1700.0,0,0.0,0.0,0,2009-09-01,7,4
822,a,c,410.0,1,48.0,2010.0,"Mar,Jun,Sept,Dec",2010-11-01,7,8
823,a,c,16210.0,0,0.0,0.0,0,2010-11-01,7,8
824,a,a,17570.0,0,0.0,0.0,0,2010-02-01,7,8
825,a,a,380.0,1,40.0,2014.0,"Jan,Apr,Jul,Oct",2011-05-01,0,5
826,a,c,7980.0,0,0.0,0.0,0,2005-06-01,4,10
827,a,c,250.0,0,0.0,0.0,0,2005-01-01,7,4
828,d,c,3290.0,0,0.0,0.0,0,2014-12-01,2,2
829,c,a,110.0,0,0.0,0.0,0,2010-02-01,5,0
830,a,c,6320.0,1,5.0,2011.0,"Jan,Apr,Jul,Oct",2010-02-01,3,11
831,a,a,800.0,0,0.0,0.0,0,2007-06-01,4,10
832,d,a,5070.0,1,45.0,2009.0,"Feb,May,Aug,Nov",2010-02-01,5,0
833,d,c,3290.0,1,35.0,2010.0,"Mar,Jun,Sept,Dec",1999-12-01,4,7
834,a,a,3470.0,0,0.0,0.0,0,2012-03-01,7,4
835,a,a,2890.0,1,10.0,2014.0,"Mar,Jun,Sept,Dec",2007-12-01,4,10
836,a,a,2720.0,0,0.0,0.0,0,2012-09-01,3,11
837,a,c,14600.0,0,0.0,0.0,0,2015-04-01,5,0
838,d,c,6890.0,1,48.0,2011.0,"Mar,Jun,Sept,Dec",2010-02-01,6,6
839,c,a,240.0,0,0.0,0.0,0,2015-01-01,7,4
840,a,a,1070.0,0,0.0,0.0,0,2009-09-01,7,1
841,a,a,27650.0,0,0.0,0.0,0,2004-08-01,3,11
842,d,c,1200.0,0,0.0,0.0,0,2007-11-01,0,5
843,c,a,60.0,0,0.0,0.0,0,2006-04-01,7,4
844,a,a,2030.0,1,18.0,2011.0,"Feb,May,Aug,Nov",2012-09-01,4,10
845,d,a,7860.0,1,14.0,2011.0,"Jan,Apr,Jul,Oct",2005-11-01,4,10
846,a,c,8860.0,1,37.0,2009.0,"Jan,Apr,Jul,Oct",2004-04-01,4,10
847,c,c,190.0,1,31.0,2013.0,"Feb,May,Aug,Nov",2010-02-01,4,10
848,a,c,370.0,1,14.0,2011.0,"Jan,Apr,Jul,Oct",2007-07-01,1,9
849,c,c,5000.0,0,0.0,0.0,0,2010-02-01,7,1
850,d,a,1120.0,1,31.0,2013.0,"Jan,Apr,Jul,Oct",2007-05-01,4,10
851,d,c,2330.0,1,49.0,2014.0,"Mar,Jun,Sept,Dec",2010-02-01,0,5
852,c,a,940.0,1,14.0,2011.0,"Jan,Apr,Jul,Oct",2004-04-01,5,0
853,a,a,14040.0,0,0.0,0.0,0,2010-02-01,1,9
854,c,a,4770.0,1,13.0,2010.0,"Jan,Apr,Jul,Oct",2010-02-01,3,11
855,a,a,3440.0,1,45.0,2009.0,"Feb,May,Aug,Nov",2010-02-01,1,9
856,a,a,3020.0,0,0.0,0.0,0,2010-02-01,7,3
857,c,a,6270.0,1,23.0,2014.0,"Mar,Jun,Sept,Dec",2005-08-01,5,0
858,a,a,3370.0,1,40.0,2014.0,"Jan,Apr,Jul,Oct",2008-12-01,0,5
859,c,a,21770.0,0,0.0,0.0,0,2015-07-01,0,5
860,c,c,5980.0,0,0.0,0.0,0,2010-02-01,7,3
861,c,c,740.0,1,14.0,2013.0,"Mar,Jun,Sept,Dec",2010-02-01,4,7
862,a,c,2840.0,1,14.0,2011.0,"Jan,Apr,Jul,Oct",2010-03-01,7,8
863,a,c,21370.0,0,0.0,0.0,0,2010-11-01,7,8
864,a,a,1020.0,1,45.0,2009.0,"Feb,May,Aug,Nov",2012-10-01,1,9
865,d,c,2640.0,0,0.0,0.0,0,2010-02-01,4,10
866,d,a,9680.0,1,5.0,2013.0,"Feb,May,Aug,Nov",2010-02-01,5,0
867,d,c,21810.0,0,0.0,0.0,0,2012-09-01,7,8
868,d,c,1360.0,1,10.0,2014.0,"Jan,Apr,Jul,Oct",2005-08-01,5,0
869,c,a,230.0,1,14.0,2011.0,"Jan,Apr,Jul,Oct",2001-10-01,3,11
870,a,a,780.0,0,0.0,0.0,0,2009-04-01,7,4
871,d,c,10620.0,0,0.0,0.0,0,2010-02-01,5,0
872,a,c,3860.0,1,23.0,2015.0,"Mar,Jun,Sept,Dec",2014-09-01,4,10
873,a,a,2040.0,0,0.0,0.0,0,2008-11-01,3,11
874,a,a,3210.0,0,0.0,0.0,0,2010-02-01,7,1
875,d,a,5070.0,1,18.0,2015.0,"Feb,May,Aug,Nov",2007-11-01,4,7
876,a,a,21790.0,1,18.0,2015.0,"Feb,May,Aug,Nov",2005-04-01,2,2
877,a,c,29190.0,0,0.0,0.0,0,2010-02-01,7,8
878,d,c,1100.0,0,0.0,0.0,0,2014-12-01,2,2
879,d,a,2325.0,1,5.0,2013.0,"Feb,May,Aug,Nov",2010-02-01,0,5
880,a,c,4570.0,0,0.0,0.0,0,2010-02-01,1,9
881,a,a,180.0,1,31.0,2013.0,"Feb,May,Aug,Nov",2008-03-01,4,10
882,a,a,30.0,0,0.0,0.0,0,2013-04-01,4,10
883,a,a,3200.0,0,0.0,0.0,0,2005-06-01,4,10
884,d,c,7550.0,0,0.0,0.0,0,2010-02-01,0,5
885,a,a,480.0,0,0.0,0.0,0,2005-12-01,4,10
886,a,c,12430.0,0,0.0,0.0,0,2004-10-01,4,10
887,d,a,19700.0,1,37.0,2009.0,"Jan,Apr,Jul,Oct",2010-02-01,5,0
888,d,a,4450.0,1,35.0,2012.0,"Mar,Jun,Sept,Dec",2012-06-01,7,8
889,d,a,18670.0,0,0.0,0.0,0,2005-12-01,2,2
890,a,a,4450.0,1,14.0,2011.0,"Jan,Apr,Jul,Oct",2010-02-01,0,5
891,a,c,350.0,1,31.0,2013.0,"Feb,May,Aug,Nov",2010-02-01,4,10
892,a,a,19370.0,0,0.0,0.0,0,2002-04-01,3,11
893,a,a,130.0,1,1.0,2013.0,"Jan,Apr,Jul,Oct",2010-02-01,0,5
894,a,a,190.0,0,0.0,0.0,0,2012-11-01,4,10
895,a,c,4150.0,0,0.0,0.0,0,2010-02-01,1,9
896,a,c,170.0,0,0.0,0.0,0,2012-09-01,7,8
897,c,c,3290.0,1,5.0,2013.0,"Feb,May,Aug,Nov",2007-01-01,4,7
898,a,a,18540.0,0,0.0,0.0,0,2010-02-01,6,6
899,d,a,2590.0,1,13.0,2010.0,"Jan,Apr,Jul,Oct",2010-02-01,3,11
900,a,a,3920.0,1,40.0,2014.0,"Jan,Apr,Jul,Oct",2005-04-01,0,5
901,a,c,3170.0,0,0.0,0.0,0,2014-04-01,7,8
902,a,a,310.0,1,40.0,2014.0,"Jan,Apr,Jul,Oct",2015-05-01,0,5
903,d,c,7290.0,0,0.0,0.0,0,2014-09-01,0,5
904,d,c,570.0,1,14.0,2011.0,"Jan,Apr,Jul,Oct",2013-07-01,0,5
905,a,a,90.0,0,0.0,0.0,0,2014-06-01,4,10
906,a,a,90.0,0,0.0,0.0,0,2010-07-01,5,0
907,a,c,250.0,0,0.0,0.0,0,2010-02-01,4,10
908,a,a,1980.0,1,37.0,2009.0,"Jan,Apr,Jul,Oct",2010-07-01,5,0
909,a,c,1680.0,1,45.0,2009.0,"Feb,May,Aug,Nov",2010-02-01,0,5
910,d,c,12480.0,1,1.0,2013.0,"Jan,Apr,Jul,Oct",2010-02-01,2,2
911,a,c,16490.0,0,0.0,0.0,0,2010-02-01,7,8
912,c,c,3100.0,0,0.0,0.0,0,2010-05-01,7,8
913,a,a,280.0,0,0.0,0.0,0,2010-02-01,4,7
914,c,c,2640.0,1,22.0,2012.0,"Mar,Jun,Sept,Dec",2011-04-01,7,8
915,d,c,650.0,1,40.0,2014.0,"Jan,Apr,Jul,Oct",2013-03-01,0,5
916,a,a,90.0,0,0.0,0.0,0,2012-11-01,4,10
917,a,a,7240.0,0,0.0,0.0,0,2010-02-01,4,10
918,a,c,18710.0,0,0.0,0.0,0,2015-04-01,3,11
919,a,a,2620.0,1,45.0,2009.0,"Feb,May,Aug,Nov",2010-02-01,0,5
920,a,a,850.0,1,40.0,2014.0,"Jan,Apr,Jul,Oct",2012-02-01,0,5
921,a,a,840.0,0,0.0,0.0,0,2006-09-01,3,11
922,d,a,2110.0,0,0.0,0.0,0,2006-03-01,4,10
923,a,a,280.0,0,0.0,0.0,0,2008-09-01,7,4
924,a,a,6420.0,1,1.0,2012.0,"Jan,Apr,Jul,Oct",2011-04-01,4,10
925,c,a,470.0,1,1.0,2012.0,"Jan,Apr,Jul,Oct",2007-03-01,1,9
926,d,c,5150.0,1,13.0,2010.0,"Jan,Apr,Jul,Oct",2011-03-01,4,10
927,a,a,480.0,0,0.0,0.0,0,2010-02-01,4,10
928,d,c,1090.0,1,31.0,2013.0,"Feb,May,Aug,Nov",2010-02-01,4,10
929,a,c,4820.0,0,0.0,0.0,0,2013-09-01,7,8
930,a,a,70.0,0,0.0,0.0,0,2010-02-01,4,10
931,a,c,1480.0,1,1.0,2012.0,"Jan,Apr,Jul,Oct",2011-09-01,7,8
932,a,a,15700.0,1,13.0,2010.0,"Jan,Apr,Jul,Oct",2010-02-01,0,5
933,a,c,6270.0,0,0.0,0.0,0,2005-02-01,3,11
934,a,c,5460.0,1,14.0,2011.0,"Jan,Apr,Jul,Oct",2010-02-01,4,10
935,a,c,22350.0,0,0.0,0.0,0,2010-06-01,7,8
936,a,a,580.0,0,0.0,0.0,0,2008-02-01,4,10
937,d,a,2810.0,1,10.0,2014.0,"Jan,Apr,Jul,Oct",2010-02-01,5,0
938,a,a,2820.0,0,0.0,0.0,0,2009-09-01,7,1
939,d,a,1340.0,0,0.0,0.0,0,2010-02-01,4,10
940,d,c,6470.0,0,0.0,0.0,0,2012-09-01,3,11
941,a,a,1200.0,1,31.0,2013.0,"Jan,Apr,Jul,Oct",2011-12-01,0,5
942,d,c,6860.0,1,18.0,2011.0,"Jan,Apr,Jul,Oct",2010-02-01,5,0
943,d,c,18020.0,0,0.0,0.0,0,2010-02-01,4,10
944,c,a,1670.0,0,0.0,0.0,0,2015-07-01,7,1
945,a,c,12480.0,0,0.0,0.0,0,2011-03-01,7,8
946,a,a,2220.0,1,14.0,2015.0,"Jan,Apr,Jul,Oct",2011-12-01,4,7
947,a,a,460.0,1,13.0,2010.0,"Jan,Apr,Jul,Oct",2014-03-01,1,9
948,b,b,1430.0,0,0.0,0.0,0,2010-02-01,1,9
949,a,a,870.0,0,0.0,0.0,0,2006-03-01,7,4
950,a,a,8460.0,0,0.0,0.0,0,1994-11-01,1,9
951,d,c,710.0,1,40.0,2011.0,"Jan,Apr,Jul,Oct",2010-02-01,4,10
952,d,c,6300.0,0,0.0,0.0,0,2013-10-01,0,5
953,a,a,19830.0,1,22.0,2011.0,"Mar,Jun,Sept,Dec",2006-04-01,6,6
954,a,a,390.0,1,10.0,2014.0,"Jan,Apr,Jul,Oct",2013-02-01,4,10
955,d,c,1690.0,1,36.0,2013.0,"Mar,Jun,Sept,Dec",2009-07-01,4,10
956,a,a,2330.0,1,18.0,2011.0,"Feb,May,Aug,Nov",2014-10-01,4,10
957,d,c,1420.0,0,0.0,0.0,0,2012-11-01,7,4
958,a,a,440.0,0,0.0,0.0,0,2013-11-01,7,4
959,a,c,1060.0,0,0.0,0.0,0,2005-12-01,7,4
960,d,a,8990.0,1,31.0,2009.0,"Feb,May,Aug,Nov",2010-02-01,5,0
961,d,c,9430.0,0,0.0,0.0,0,2010-02-01,4,10
962,c,a,260.0,0,0.0,0.0,0,2010-02-01,4,10
963,a,c,23620.0,0,0.0,0.0,0,2013-11-01,3,11
964,a,a,270.0,1,5.0,2013.0,"Feb,May,Aug,Nov",2010-02-01,1,9
965,a,c,110.0,0,0.0,0.0,0,2010-02-01,5,0
966,a,a,760.0,0,0.0,0.0,0,2008-02-01,4,10
967,a,c,3560.0,1,36.0,2013.0,"Jan,Apr,Jul,Oct",2013-09-01,4,10
968,c,a,1190.0,0,0.0,0.0,0,2010-02-01,3,11
969,a,c,600.0,1,10.0,2013.0,"Jan,Apr,Jul,Oct",1999-11-01,1,9
970,a,a,910.0,1,37.0,2009.0,"Jan,Apr,Jul,Oct",2014-12-01,5,0
971,c,a,1140.0,1,14.0,2012.0,"Mar,Jun,Sept,Dec",2011-05-01,6,6
972,a,a,14960.0,0,0.0,0.0,0,2010-02-01,2,2
973,d,c,330.0,1,28.0,2012.0,"Jan,Apr,Jul,Oct",2010-02-01,4,10
974,a,a,150.0,1,40.0,2014.0,"Jan,Apr,Jul,Oct",2011-03-01,0,5
975,a,c,9630.0,1,14.0,2011.0,"Jan,Apr,Jul,Oct",2010-02-01,4,10
976,a,a,4180.0,0,0.0,0.0,0,2010-02-01,4,10
977,a,a,520.0,1,13.0,2010.0,"Jan,Apr,Jul,Oct",2005-09-01,0,5
978,c,c,3890.0,0,0.0,0.0,0,2010-02-01,3,11
979,a,c,2270.0,1,14.0,2011.0,"Jan,Apr,Jul,Oct",2005-11-01,6,6
980,a,a,4420.0,0,0.0,0.0,0,2005-09-01,4,10
981,d,c,2620.0,0,0.0,0.0,0,2002-11-01,2,2
982,d,a,21930.0,0,0.0,0.0,0,2010-02-01,3,11
983,a,a,40.0,1,1.0,2014.0,"Jan,Apr,Jul,Oct",2014-03-01,4,10
984,c,a,440.0,1,1.0,2013.0,"Jan,Apr,Jul,Oct",2010-02-01,4,10
985,c,c,490.0,1,13.0,2010.0,"Jan,Apr,Jul,Oct",2007-05-01,1,9
986,a,a,620.0,1,18.0,2014.0,"Feb,May,Aug,Nov",2014-10-01,4,10
987,c,a,1690.0,0,0.0,0.0,0,2007-06-01,7,4
988,a,a,30.0,0,0.0,0.0,0,2012-11-01,8,12
989,a,a,1640.0,1,40.0,2011.0,"Jan,Apr,Jul,Oct",2006-06-01,0,5
990,d,a,20930.0,0,0.0,0.0,0,2010-02-01,3,11
991,a,a,1010.0,0,0.0,0.0,0,2010-02-01,4,10
992,a,a,2480.0,0,0.0,0.0,0,1990-07-01,4,10
993,d,c,3460.0,1,10.0,2014.0,"Jan,Apr,Jul,Oct",2013-10-01,3,11
994,a,a,2290.0,1,1.0,2012.0,"Jan,Apr,Jul,Oct",2011-07-01,4,10
995,d,a,6560.0,0,0.0,0.0,0,2013-12-01,3,11
996,c,a,2870.0,1,13.0,2010.0,"Jan,Apr,Jul,Oct",2015-07-01,3,11
997,d,c,5840.0,1,37.0,2009.0,"Jan,Apr,Jul,Oct",2010-07-01,5,0
998,a,a,780.0,1,5.0,2013.0,"Feb,May,Aug,Nov",2005-09-01,1,9
999,d,c,15140.0,1,37.0,2009.0,"Jan,Apr,Jul,Oct",2002-02-01,3,11
1000,a,c,2230.0,1,40.0,2014.0,"Jan,Apr,Jul,Oct",2009-05-01,0,5
1001,c,a,19640.0,1,14.0,2011.0,"Jan,Apr,Jul,Oct",2010-02-01,6,6
1002,d,c,1130.0,0,0.0,0.0,0,2008-11-01,7,4
1003,a,a,170.0,1,27.0,2013.0,"Jan,Apr,Jul,Oct",2013-07-01,4,10
1004,d,c,970.0,1,9.0,2011.0,"Mar,Jun,Sept,Dec",2010-02-01,0,5
1005,a,a,6480.0,0,0.0,0.0,0,2010-02-01,4,10
1006,c,c,3890.0,1,5.0,2013.0,"Feb,May,Aug,Nov",2006-11-01,2,2
1007,c,c,4180.0,0,0.0,0.0,0,2012-09-01,7,8
1008,a,c,30.0,0,0.0,0.0,0,2010-09-01,7,3
1009,a,a,230.0,1,10.0,2014.0,"Jan,Apr,Jul,Oct",2004-07-01,0,5
1010,d,c,4610.0,1,18.0,2010.0,"Feb,May,Aug,Nov",2010-06-01,7,8
1011,a,c,490.0,1,18.0,2011.0,"Feb,May,Aug,Nov",2012-09-01,4,10
1012,d,c,6330.0,1,39.0,2010.0,"Jan,Apr,Jul,Oct",2004-06-01,0,5
1013,a,a,630.0,1,31.0,2013.0,"Feb,May,Aug,Nov",2015-02-01,4,10
1014,a,c,210.0,1,31.0,2013.0,"Jan,Apr,Jul,Oct",2010-02-01,4,10
1015,d,c,9910.0,1,9.0,2011.0,"Mar,Jun,Sept,Dec",2010-12-01,4,7
1016,c,c,550.0,1,35.0,2010.0,"Mar,Jun,Sept,Dec",2010-02-01,4,10
1017,c,a,110.0,0,0.0,0.0,0,2008-11-01,3,11
1018,c,c,140.0,0,0.0,0.0,0,2012-09-01,7,4
1019,d,c,2740.0,1,13.0,2010.0,"Jan,Apr,Jul,Oct",2014-07-01,0,5
1020,a,a,40.0,0,0.0,0.0,0,2015-08-01,5,0
1021,a,a,1080.0,0,0.0,0.0,0,2011-05-01,7,4
1022,a,c,1520.0,0,0.0,0.0,0,2010-02-01,4,10
1023,c,a,3740.0,1,14.0,2011.0,"Jan,Apr,Jul,Oct",2002-02-01,3,11
1024,c,c,1990.0,0,0.0,0.0,0,2012-01-01,7,8
1025,a,a,720.0,0,0.0,0.0,0,2009-11-01,4,7
1026,c,a,450.0,1,48.0,2012.0,"Mar,Jun,Sept,Dec",2011-06-01,4,10
1027,a,c,190.0,1,40.0,2011.0,"Jan,Apr,Jul,Oct",2008-06-01,0,5
1028,a,a,150.0,1,31.0,2013.0,"Jan,Apr,Jul,Oct",2010-02-01,4,10
1029,a,a,1590.0,0,0.0,0.0,0,2006-03-01,2,2
1030,a,a,36410.0,0,0.0,0.0,0,2008-04-01,2,2
1031,d,a,590.0,0,0.0,0.0,0,2001-05-01,4,10
1032,d,c,270.0,1,40.0,2012.0,"Jan,Apr,Jul,Oct",2013-02-01,2,2
1033,a,a,7680.0,0,0.0,0.0,0,2006-03-01,7,4
1034,a,a,13750.0,0,0.0,0.0,0,2015-04-01,3,11
1035,a,a,27150.0,0,0.0,0.0,0,2010-02-01,3,11
1036,d,c,9560.0,1,36.0,2013.0,"Jan,Apr,Jul,Oct",2010-02-01,4,10
1037,a,c,150.0,0,0.0,0.0,0,2010-02-01,4,10
1038,d,a,17290.0,0,0.0,0.0,0,2013-10-01,0,5
1039,a,c,70.0,1,22.0,2012.0,"Mar,Jun,Sept,Dec",1990-06-01,4,10
1040,a,a,4030.0,1,10.0,2014.0,"Jan,Apr,Jul,Oct",2013-02-01,4,10
1041,c,a,1600.0,1,40.0,2014.0,"Jan,Apr,Jul,Oct",2013-08-01,0,5
1042,a,a,3440.0,1,31.0,2013.0,"Feb,May,Aug,Nov",2010-02-01,4,10
1043,c,a,420.0,0,0.0,0.0,0,2006-03-01,2,2
1044,c,a,240.0,1,13.0,2010.0,"Jan,Apr,Jul,Oct",2015-04-01,1,9
1045,a,c,26990.0,0,0.0,0.0,0,2013-12-01,7,8
1046,d,c,29070.0,0,0.0,0.0,0,2005-04-01,2,2
1047,a,a,3750.0,1,45.0,2009.0,"Feb,May,Aug,Nov",2010-02-01,4,10
1048,d,c,1860.0,1,40.0,2012.0,"Jan,Apr,Jul,Oct",2012-09-01,7,8
1049,a,a,370.0,1,14.0,2011.0,"Jan,Apr,Jul,Oct",2012-07-01,0,5
1050,d,c,13170.0,1,9.0,2011.0,"Mar,Jun,Sept,Dec",2014-08-01,5,0
1051,c,a,200.0,1,1.0,2012.0,"Jan,Apr,Jul,Oct",1998-07-01,1,9
1052,a,c,5080.0,1,31.0,2013.0,"Feb,May,Aug,Nov",2010-02-01,4,10
1053,a,a,1710.0,0,0.0,0.0,0,2015-07-01,7,1
1054,a,c,13190.0,1,45.0,2013.0,"Feb,May,Aug,Nov",2010-02-01,7,8
1055,c,a,1980.0,0,0.0,0.0,0,2009-04-01,7,4
1056,d,c,5350.0,1,40.0,2012.0,"Jan,Apr,Jul,Oct",2010-02-01,0,5
1057,d,c,3230.0,0,0.0,0.0,0,2011-11-01,7,8
1058,a,c,180.0,1,35.0,2010.0,"Mar,Jun,Sept,Dec",2010-02-01,4,10
1059,c,a,3380.0,0,0.0,0.0,0,2013-04-01,7,3
1060,a,c,3430.0,1,31.0,2013.0,"Feb,May,Aug,Nov",2010-02-01,4,10
1061,d,c,8110.0,0,0.0,0.0,0,2010-02-01,1,9
1062,d,a,190.0,1,40.0,2012.0,"Feb,May,Aug,Nov",2012-09-01,4,7
1063,a,c,6250.0,0,0.0,0.0,0,2010-02-01,7,3
1064,a,c,420.0,0,0.0,0.0,0,2010-02-01,4,10
1065,a,a,1290.0,1,35.0,2011.0,"Mar,Jun,Sept,Dec",2010-02-01,0,5
1066,a,a,3350.0,0,0.0,0.0,0,2010-02-01,4,10
1067,d,c,12020.0,0,0.0,0.0,0,2009-07-01,0,5
1068,d,c,5010.0,1,5.0,2013.0,"Jan,Apr,Jul,Oct",2010-02-01,1,9
1069,a,c,18050.0,1,14.0,2011.0,"Jan,Apr,Jul,Oct",2010-02-01,6,6
1070,c,c,400.0,0,0.0,0.0,0,2008-10-01,7,1
1071,a,a,820.0,1,35.0,2012.0,"Mar,Jun,Sept,Dec",2012-03-01,7,8
1072,a,c,5380.0,1,5.0,2010.0,"Feb,May,Aug,Nov",2015-08-01,4,10
1073,a,c,1710.0,1,44.0,2012.0,"Jan,Apr,Jul,Oct",2010-02-01,4,10
1074,c,c,3330.0,1,14.0,2011.0,"Jan,Apr,Jul,Oct",2001-10-01,3,11
1075,a,c,1410.0,0,0.0,0.0,0,2013-10-01,7,4
1076,a,c,90.0,1,1.0,2013.0,"Jan,Apr,Jul,Oct",2010-02-01,4,10
1077,a,a,3750.0,1,35.0,2010.0,"Mar,Jun,Sept,Dec",2001-11-01,4,10
1078,d,c,670.0,1,40.0,2011.0,"Jan,Apr,Jul,Oct",2010-02-01,1,9
1079,a,a,16680.0,1,37.0,2009.0,"Jan,Apr,Jul,Oct",2010-02-01,5,0
1080,a,a,2410.0,1,40.0,2014.0,"Jan,Apr,Jul,Oct",2010-02-01,0,5
1081,b,a,400.0,0,0.0,0.0,0,2006-03-01,7,4
1082,c,a,440.0,0,0.0,0.0,0,2002-04-01,3,11
1083,d,c,11540.0,1,5.0,2013.0,"Feb,May,Aug,Nov",2010-02-01,5,0
1084,a,a,190.0,1,13.0,2010.0,"Jan,Apr,Jul,Oct",2010-02-01,5,0
1085,c,a,4030.0,0,0.0,0.0,0,2015-02-01,7,4
1086,a,a,180.0,1,18.0,2011.0,"Feb,May,Aug,Nov",2013-11-01,5,0
1087,d,c,2210.0,0,0.0,0.0,0,2011-11-01,7,1
1088,a,a,4300.0,1,27.0,2013.0,"Jan,Apr,Jul,Oct",2009-03-01,4,10
1089,d,a,5220.0,0,0.0,0.0,0,2009-05-01,4,10
1090,a,a,330.0,1,14.0,2011.0,"Jan,Apr,Jul,Oct",2010-02-01,3,11
1091,a,c,9990.0,0,0.0,0.0,0,2010-02-01,7,8
1092,a,a,300.0,1,40.0,2014.0,"Jan,Apr,Jul,Oct",2000-07-01,0,5
1093,c,c,10450.0,0,0.0,0.0,0,2009-06-01,3,11
1094,d,a,2380.0,1,40.0,2014.0,"Jan,Apr,Jul,Oct",2013-03-01,0,5
1095,a,a,690.0,1,14.0,2011.0,"Jan,Apr,Jul,Oct",2007-06-01,6,6
1096,a,c,1130.0,1,10.0,2014.0,"Mar,Jun,Sept,Dec",2010-02-01,4,10
1097,b,b,720.0,0,0.0,0.0,0,2002-03-01,4,7
1098,a,a,1830.0,0,0.0,0.0,0,2004-11-01,3,11
1099,a,c,200.0,1,14.0,2013.0,"Jan,Apr,Jul,Oct",2013-04-01,7,8
1100,a,a,540.0,1,14.0,2011.0,"Jan,Apr,Jul,Oct",2010-02-01,4,10
1101,d,c,4060.0,0,0.0,0.0,0,2012-09-01,7,8
1102,a,a,850.0,1,40.0,2014.0,"Jan,Apr,Jul,Oct",2012-11-01,0,5
1103,d,c,1340.0,1,5.0,2013.0,"Feb,May,Aug,Nov",2006-10-01,5,0
1104,d,a,260.0,1,14.0,2011.0,"Jan,Apr,Jul,Oct",2012-02-01,0,5
1105,c,c,330.0,1,5.0,2013.0,"Feb,May,Aug,Nov",2008-11-01,4,10
1106,a,c,5330.0,1,31.0,2013.0,"Jan,Apr,Jul,Oct",2011-09-01,7,8
1107,a,a,1400.0,1,13.0,2010.0,"Jan,Apr,Jul,Oct",2012-06-01,0,5
1108,a,a,540.0,0,0.0,0.0,0,2004-04-01,3,11
1109,c,a,3490.0,1,22.0,2012.0,"Jan,Apr,Jul,Oct",2011-04-01,0,5
1110,c,c,900.0,0,0.0,0.0,0,2010-09-01,7,4
1111,a,a,1900.0,1,31.0,2013.0,"Jan,Apr,Jul,Oct",2014-06-01,4,10
1112,c,c,1880.0,0,0.0,0.0,0,2006-04-01,4,10
1113,a,c,9260.0,0,0.0,0.0,0,2010-02-01,7,8
1114,a,c,870.0,0,0.0,0.0,0,2010-02-01,7,3
1115,d,c,5350.0,1,22.0,2012.0,"Mar,Jun,Sept,Dec",2010-02-01,5,0
